GBDT_f1,artist,athletes,company,government,new_sites,politician,public_figure,tvshow
GEMSEC,0.853213694160429,0.878497508623994,0.876710994203322,0.943175128255446,0.856783073796552,0.95994691760164,0.899576207053125,0.957549234135667
GEMSECWithRegularization,0.856253340127515,0.885965681545792,0.878295554042222,0.939407565623068,0.848435069379628,0.960481927710843,0.901260823332827,0.962541903512608
DeepWalk,0.857654969167141,0.882584666039511,0.881177096945937,0.939939264424699,0.857376906750735,0.960488158530691,0.893429548044056,0.957397140355996
DeepWalkWithRegularization,0.863432246068025,0.878086101874467,0.886897553887139,0.93729224181644,0.843000311235605,0.962080173347779,0.893123133340894,0.961836525807867
Node2vector,0.901644263639035,0.888435455800276,0.829306557891434,0.922525876413684,0.887089350797975,0.936892606716693,0.864946287707615,0.914942528735632
all 1D feature(PCA+),0.000414897251916,0.000575473326811,0.007238095238095,0.000335307924444,0.002953065620991,0.000958083832335,0.00208379846692,0.004622941346432
all 1D feature(PCA-),0.000414897251916,0.000575473326811,0.007238095238095,0.000335307924444,0.002953065620991,0.000958083832335,0.00208379846692,0.004622941346432
all 1D feature(sp-)(PCA+),0.913150931149833,0.903642039542144,0.854893021810081,0.947226209575276,0.908136614138789,0.944546008531383,0.88908654961714,0.920278872385571
all 1D feature(sp-)(PCA-),0.901380614746489,0.896344903352237,0.836845968333858,0.94477178540216,0.898386229827873,0.941545893719807,0.875711429010921,0.916209628275442
