RandomForest_f1,artist,athletes,company,government,new_sites,politician,public_figure,tvshow
GEMSEC,0.792576282677883,0.796420445927499,0.81700646444555,0.918355759950037,0.77655301384115,0.930547019053473,0.834053347073045,0.928320655354008
GEMSECWithRegularization,0.807588531792506,0.811560206904848,0.82058112574614,0.906071613907628,0.781853306883452,0.931036604121809,0.851336564014382,0.928066037735849
DeepWalk,0.822807280329661,0.800389602483716,0.817130663490646,0.906976077925798,0.778834519457202,0.921413928061129,0.833115881864547,0.928299678080187
DeepWalkWithRegularization,0.818142885203038,0.800683197608808,0.820517869449641,0.891023769199323,0.758461147587018,0.928256413441829,0.831181177216193,0.921872692364495
Node2vector,0.852087967020277,0.813775898262801,0.763597254942128,0.890957219707967,0.819570948436348,0.909351799862749,0.81583573026526,0.877715327358347
all 1D feature(PCA+),0.000414897251916,0.000575473326811,0.007238095238095,0.000335307924444,0.002953065620991,0.000958083832335,0.00208379846692,0.790770844257997
all 1D feature(PCA-),0.000414897251916,0.000575473326811,0.007238095238095,0.000335307924444,0.002904725019365,0.000958083832335,0.00208379846692,0.004622941346432
all 1D feature(sp-)(PCA+),0.912226068704084,0.904343698077379,0.853245142620918,0.949044765200754,0.906084391560844,0.944993968636912,0.886032100381048,0.922450211225106
all 1D feature(sp-)(PCA-),0.900863662650146,0.896328806120633,0.840566087001932,0.94634008211808,0.898943816011499,0.942402699120376,0.876439992294356,0.921331316187595
