{"times": [[1, 144.62267541885376], [2, 148.01268029212952], [3, 149.86264395713806], [4, 147.85461163520813], [5, 143.13831424713135], [6, 143.76310515403748], [7, 143.58420777320862], [8, 147.04744338989258], [9, 147.18148398399353], [10, 148.91092991828918], [11, 145.00893378257751], [12, 143.28463220596313], [13, 143.85591650009155], [14, 143.364839553833], [15, 143.68070125579834], [16, 143.747554063797], [17, 142.41592693328857], [18, 143.11559581756592], [19, 142.68431544303894], [20, 144.9300501346588], [21, 144.99036931991577], [22, 143.29149079322815], [23, 145.2536370754242], [24, 147.1384539604187], [25, 142.11950826644897], [26, 141.9181706905365], [27, 139.29659366607666], [28, 139.44491314888], [29, 139.63404417037964], [30, 139.8543984889984], [31, 141.69946885108948], [32, 148.95965695381165], [33, 147.37732863426208], [34, 146.38774490356445], [35, 145.94462323188782], [36, 148.14864587783813], [37, 147.7618489265442], [38, 146.57116031646729], [39, 148.54961037635803], [40, 144.29889631271362], [41, 146.45494961738586], [42, 144.14383602142334], [43, 145.30212306976318], [44, 144.98829984664917], [45, 141.81003999710083], [46, 141.95613527297974], [47, 141.97242712974548], [48, 141.9619104862213], [49, 141.73014998435974], [50, 141.93583798408508]], "losses": [[1, 2.300257725354222], [2, 2.4168375146603758], [3, 2.5936643739248355], [4, 2.7577934319599775], [5, 2.9148277337154305], [6, 3.06276648262344], [7, 3.2097186988065305], [8, 3.338225999207859], [9, 3.471368756890002], [10, 3.5904437267316], [11, 3.719807051166289], [12, 3.836395709383704], [13, 3.949594333984115], [14, 4.069735954217387], [15, 4.183237870914988], [16, 4.287968315130577], [17, 4.390277157055616], [18, 4.486610762581287], [19, 4.5852775318580345], [20, 4.672203151311047], [21, 4.770495065568544], [22, 4.849856184306156], [23, 4.926335255637519], [24, 5.012224847076554], [25, 5.098639902834442], [26, 5.146370664215036], [27, 5.224263113742416], [28, 5.292495424935903], [29, 5.3550049114449125], [30, 5.403089096340451], [31, 5.461289897568448], [32, 5.515444479820033], [33, 5.557372534222548], [34, 5.6048949016275635], [35, 5.650404221526257], [36, 5.684893426512369], [37, 5.735092423103899], [38, 5.7736282741942055], [39, 5.79740322497246], [40, 5.811675796540765], [41, 5.860178785493772], [42, 5.871704191798375], [43, 5.905643584526353], [44, 5.929515276669846], [45, 5.93579497675984], [46, 5.970487953236637], [47, 5.964647958664024], [48, 5.974572616503768], [49, 5.983203137428303], [50, 5.991791827003401]], "cluster_quality": [[1, 0.3028492084406565], [2, 0.27000114179323836], [3, 0.267010739562546], [4, 0.2554819984965512], [5, 0.257710777006499], [6, 0.2512786032283299], [7, 0.24895697009509843], [8, 0.2503398556483015], [9, 0.25001533597770675], [10, 0.2443807661209005], [11, 0.252189214077171], [12, 0.25442263729887976], [13, 0.2508855046020627], [14, 0.2562533027874551], [15, 0.252675218447571], [16, 0.2537651905075502], [17, 0.25167689585310943], [18, 0.2518684520754021], [19, 0.2555843164105563], [20, 0.25518721130066363], [21, 0.25259791618908356], [22, 0.25231007873452627], [23, 0.25162067649104536], [24, 0.2530117280872742], [25, 0.2498390751178515], [26, 0.25347047064524986], [27, 0.25374383775537274], [28, 0.25352949059575663], [29, 0.2560026298253709], [30, 0.25602179583705575], [31, 0.26030507807535047], [32, 0.2611174137248042], [33, 0.2592674493644131], [34, 0.2630026718395688], [35, 0.26381855684807815], [36, 0.2631587820019038], [37, 0.26156943181925124], [38, 0.2641733572231678], [39, 0.26409065055140846], [40, 0.2635656555164702], [41, 0.2645034926759665], [42, 0.26427593014999645], [43, 0.2637646566635545], [44, 0.2647545666735197], [45, 0.264498979008355], [46, 0.2645200796869473], [47, 0.2645447810830567], [48, 0.2652845769251497], [49, 0.2639899431180831], [50, 0.2633337795218208]], "params": {"input": "data/artist_edges.csv", "embedding_output": "output/DeepWalk/embeddings/artist_embedding.csv", "cluster_mean_output": "output/DeepWalk/cluster_means/artist_means.csv", "log_output": "output/DeepWalk/logs/artist_log.json", "assignment_output": "output/DeepWalk/assignments/artist.json", "dump_matrices": true, "model": "GEMSECWithRegularization", "P": 1, "Q": 1, "walker": "first", "dimensions": 16, "random_walk_length": 80, "num_of_walks": 50, "window_size": 5, "distortion": 0.75, "negative_sample_number": 10, "initial_learning_rate": 0.01, "minimal_learning_rate": 0.001, "annealing_factor": 1, "initial_gamma": 0.1, "final_gamma": 0.5, "lambd": 0.0625, "cluster_number": 20, "overlap_weighting": "normalized_overlap", "regularization_noise": 1e-08}}