{"times": [[1, 41.021740674972534], [2, 40.52963471412659], [3, 40.70208954811096], [4, 40.60962653160095], [5, 40.536821126937866], [6, 40.56896781921387], [7, 40.563769578933716], [8, 40.57183265686035], [9, 40.61040711402893], [10, 40.48412871360779], [11, 40.481308698654175], [12, 40.56662631034851], [13, 40.66678166389465], [14, 40.60875129699707], [15, 40.67624306678772], [16, 40.61025381088257], [17, 40.60670614242554], [18, 40.36979532241821], [19, 40.668455839157104], [20, 40.619744062423706], [21, 40.55272030830383], [22, 40.46084189414978], [23, 40.50751852989197], [24, 40.392427921295166], [25, 40.50508522987366], [26, 40.495999336242676], [27, 40.525280714035034], [28, 40.6092004776001], [29, 40.572752237319946], [30, 40.47445368766785], [31, 40.391270875930786], [32, 40.62838649749756], [33, 40.42291569709778], [34, 40.536680459976196], [35, 40.585402488708496], [36, 40.614728689193726], [37, 40.65905261039734], [38, 40.553574562072754], [39, 40.4912645816803], [40, 40.63414144515991], [41, 40.66189932823181], [42, 40.47052574157715], [43, 40.61815404891968], [44, 40.58033847808838], [45, 40.566112756729126], [46, 40.63336205482483], [47, 40.7293918132782], [48, 40.484838008880615], [49, 40.56553292274475], [50, 40.556535482406616]], "losses": [[1, 1.6872124800765633], [2, 1.4611534817343355], [3, 1.4645714692005205], [4, 1.4623199765552057], [5, 1.45382912893514], [6, 1.435838969202182], [7, 1.4231628177411608], [8, 1.4096332185338984], [9, 1.3866110329822374], [10, 1.3796883063850534], [11, 1.3639150420583963], [12, 1.3524000353216008], [13, 1.339715656952697], [14, 1.3388433994202258], [15, 1.3293692526386987], [16, 1.321313616580972], [17, 1.3053085693132283], [18, 1.3044569278542921], [19, 1.299439710426684], [20, 1.2870480540949627], [21, 1.279002014881804], [22, 1.2815439999487734], [23, 1.2729089677421954], [24, 1.268167189445863], [25, 1.2536989460997074], [26, 1.2575738184456549], [27, 1.2531195283089234], [28, 1.2497875471034534], [29, 1.2454904994388543], [30, 1.2420280279279223], [31, 1.236552297976177], [32, 1.2321696895883014], [33, 1.224579034479555], [34, 1.2198965434397662], [35, 1.2188227919026937], [36, 1.2151729284276436], [37, 1.2089968162920441], [38, 1.2026018600809616], [39, 1.1938508671232737], [40, 1.199757142842233], [41, 1.193833727142941], [42, 1.188071993063288], [43, 1.1838992955527161], [44, 1.1803082071086743], [45, 1.1718626442210465], [46, 1.171826228195554], [47, 1.1626530162220103], [48, 1.159297472434504], [49, 1.1612946004498645], [50, 1.155934218136191]], "cluster_quality": [[1, 0.6178299428332085], [2, 0.5940294078610716], [3, 0.5532801980170023], [4, 0.529284644537145], [5, 0.5075819020682824], [6, 0.49855727708989317], [7, 0.4897123765808161], [8, 0.48882029015150386], [9, 0.4740626123036443], [10, 0.4767383089823058], [11, 0.47785179187079024], [12, 0.46397753644171713], [13, 0.4678439199324733], [14, 0.45644203171124237], [15, 0.4606608642314392], [16, 0.470470245244746], [17, 0.46210856426857677], [18, 0.45932723887484145], [19, 0.4645418132647673], [20, 0.45724414492825316], [21, 0.45170451095082764], [22, 0.4521030062589016], [23, 0.45734789056907327], [24, 0.45135837382881655], [25, 0.43745858353376593], [26, 0.45849487260161575], [27, 0.4429833123750365], [28, 0.4611719009457467], [29, 0.4689834843901881], [30, 0.47795350279994053], [31, 0.4600838857865691], [32, 0.47482118053035527], [33, 0.42492208995502534], [34, 0.4849899583900622], [35, 0.47752936512768607], [36, 0.4791119713667246], [37, 0.49405420109548903], [38, 0.47009953424562456], [39, 0.4668331959812049], [40, 0.5000819672471867], [41, 0.4862233747436965], [42, 0.47571131025378394], [43, 0.4813126136040943], [44, 0.4913150688789552], [45, 0.49836031029322614], [46, 0.4958585557807256], [47, 0.49857222424445796], [48, 0.4914422462781856], [49, 0.4986126820745908], [50, 0.5042730360699852]], "params": {"input": "data/athletes_edges.csv", "embedding_output": "output/DeepWalk/embeddings/athletes_embedding.csv", "cluster_mean_output": "output/DeepWalk/cluster_means/athletes_means.csv", "log_output": "output/DeepWalk/logs/athletes_log.json", "assignment_output": "output/DeepWalk/assignments/athletes.json", "dump_matrices": true, "model": "GEMSECWithRegularization", "P": 1, "Q": 1, "walker": "first", "dimensions": 16, "random_walk_length": 80, "num_of_walks": 50, "window_size": 5, "distortion": 0.75, "negative_sample_number": 10, "initial_learning_rate": 0.01, "minimal_learning_rate": 0.001, "annealing_factor": 1, "initial_gamma": 0.1, "final_gamma": 0.5, "lambd": 0.0625, "cluster_number": 20, "overlap_weighting": "normalized_overlap", "regularization_noise": 1e-08}}