{"times": [[1, 41.37010335922241], [2, 40.76900029182434], [3, 41.39357590675354], [4, 41.47985482215881], [5, 41.316473960876465], [6, 41.32654619216919], [7, 41.423871994018555], [8, 41.26679491996765], [9, 41.35033559799194], [10, 41.17621469497681], [11, 41.207897424697876], [12, 41.32920026779175], [13, 41.330137491226196], [14, 41.454580307006836], [15, 41.23700451850891], [16, 41.21556639671326], [17, 40.844873666763306], [18, 41.27737903594971], [19, 40.19882893562317], [20, 40.94914174079895], [21, 41.098557233810425], [22, 40.370776653289795], [23, 40.97554850578308], [24, 40.971644163131714], [25, 40.86011052131653], [26, 41.0788459777832], [27, 41.03683638572693], [28, 40.74893140792847], [29, 41.210402965545654], [30, 40.79927897453308], [31, 41.25207805633545], [32, 41.34327816963196], [33, 41.08984613418579], [34, 41.174811363220215], [35, 41.26204752922058], [36, 41.2554349899292], [37, 41.065107345581055], [38, 41.1515109539032], [39, 41.13125467300415], [40, 41.11884140968323], [41, 40.69796538352966], [42, 40.63529372215271], [43, 41.07100963592529], [44, 40.9490761756897], [45, 41.32628512382507], [46, 41.05400061607361], [47, 41.21894907951355], [48, 41.618231534957886], [49, 41.46464490890503], [50, 41.3604838848114]], "losses": [[1, 1.5549914287357693], [2, 1.211376030054288], [3, 1.1957847579198708], [4, 1.1729403450786287], [5, 1.1584930805366547], [6, 1.1505199983847465], [7, 1.1280918584888804], [8, 1.1239865859525016], [9, 1.1080871148231977], [10, 1.0992146317742741], [11, 1.095070768471852], [12, 1.0942215278799075], [13, 1.0859432870799697], [14, 1.0875878360750406], [15, 1.0885353303998593], [16, 1.0768540525161037], [17, 1.0741119446574878], [18, 1.0746564728229728], [19, 1.0669659140835825], [20, 1.0744795225876627], [21, 1.0648664716154195], [22, 1.0656205941780093], [23, 1.064148526117818], [24, 1.062233020646199], [25, 1.0537987686186863], [26, 1.0590395254020881], [27, 1.051929699745741], [28, 1.0512349580365166], [29, 1.0469727919696399], [30, 1.0394188699096785], [31, 1.0390830052004119], [32, 1.0411786613316094], [33, 1.03137260125915], [34, 1.030501024224234], [35, 1.0215328182446517], [36, 1.0137624733088237], [37, 1.0175570383453345], [38, 1.0063689147882875], [39, 1.0028210409755856], [40, 0.9997292894241551], [41, 0.9923666691778296], [42, 0.9854075775987181], [43, 0.9870940825049923], [44, 0.9841557473127976], [45, 0.9764616663448213], [46, 0.9696663022620716], [47, 0.973092117650907], [48, 0.968472109159259], [49, 0.9661504388028953], [50, 0.9598011256014857]], "cluster_quality": [[1, 0.6005218828929677], [2, 0.5909711151711224], [3, 0.557333929483297], [4, 0.5278765336977428], [5, 0.548697284847428], [6, 0.5408783692544201], [7, 0.5275678393454665], [8, 0.5133861459855023], [9, 0.516224970134334], [10, 0.5110768381121018], [11, 0.5187440925111502], [12, 0.5120141833088414], [13, 0.5056094392059514], [14, 0.5076164424757617], [15, 0.5128425537710809], [16, 0.5093971551959571], [17, 0.5012941544351953], [18, 0.5082026924616462], [19, 0.5094733251152883], [20, 0.4944383034671801], [21, 0.5107352826650206], [22, 0.5064866075844997], [23, 0.5140376216942063], [24, 0.5004223938353187], [25, 0.5039046707383642], [26, 0.506268194173954], [27, 0.5066187393792743], [28, 0.5026981891953988], [29, 0.49633958617145024], [30, 0.5027740713211363], [31, 0.5028455735024656], [32, 0.5021392443347877], [33, 0.498090604805455], [34, 0.49965578442648184], [35, 0.4937412984464884], [36, 0.5051203600317957], [37, 0.5027632349330186], [38, 0.5070187796009415], [39, 0.5077388956349332], [40, 0.5026602707905655], [41, 0.49010435249529477], [42, 0.501329066813101], [43, 0.49582346061216687], [44, 0.5024486222653716], [45, 0.5104127184887851], [46, 0.4975008044516168], [47, 0.5038493959130239], [48, 0.5100140499918852], [49, 0.4928279119293861], [50, 0.5042578291095162]], "params": {"input": "data/company_edges.csv", "embedding_output": "output/DeepWalk/embeddings/company_embedding.csv", "cluster_mean_output": "output/DeepWalk/cluster_means/company_means.csv", "log_output": "output/DeepWalk/logs/company_log.json", "assignment_output": "output/DeepWalk/assignments/company.json", "dump_matrices": true, "model": "GEMSECWithRegularization", "P": 1, "Q": 1, "walker": "first", "dimensions": 16, "random_walk_length": 80, "num_of_walks": 50, "window_size": 5, "distortion": 0.75, "negative_sample_number": 10, "initial_learning_rate": 0.01, "minimal_learning_rate": 0.001, "annealing_factor": 1, "initial_gamma": 0.1, "final_gamma": 0.5, "lambd": 0.0625, "cluster_number": 20, "overlap_weighting": "normalized_overlap", "regularization_noise": 1e-08}}