{"times": [[1, 21.168412446975708], [2, 20.61412811279297], [3, 20.61871576309204], [4, 20.523138523101807], [5, 20.71341872215271], [6, 20.578661680221558], [7, 20.674471855163574], [8, 20.55677103996277], [9, 20.51340651512146], [10, 20.610556840896606], [11, 20.608367204666138], [12, 20.539000034332275], [13, 20.599973917007446], [14, 20.647679805755615], [15, 20.71399474143982], [16, 20.62473464012146], [17, 20.67312502861023], [18, 20.62318468093872], [19, 20.643911838531494], [20, 20.644407510757446], [21, 20.679912090301514], [22, 20.668270111083984], [23, 20.607146978378296], [24, 20.632563829421997], [25, 20.596324682235718], [26, 20.61680293083191], [27, 20.58648157119751], [28, 20.571110248565674], [29, 20.576495885849], [30, 20.625536918640137], [31, 20.589065551757812], [32, 20.683583974838257], [33, 20.565978050231934], [34, 20.554013967514038], [35, 20.598083019256592], [36, 20.586073875427246], [37, 20.49591898918152], [38, 20.675512313842773], [39, 20.50745463371277], [40, 20.614392518997192], [41, 20.572479724884033], [42, 20.50585436820984], [43, 20.55392360687256], [44, 20.59251308441162], [45, 20.60396718978882], [46, 20.64704465866089], [47, 20.66268563270569], [48, 20.653615951538086], [49, 20.637365579605103], [50, 20.73144769668579]], "losses": [[1, 1.7028059133059144], [2, 1.43643284479991], [3, 1.384565380597623], [4, 1.3789787351603682], [5, 1.3569852360974919], [6, 1.355286098418044], [7, 1.3318220353751966], [8, 1.3280283522551841], [9, 1.321285603890232], [10, 1.306517497496884], [11, 1.294709453721112], [12, 1.2842039271563068], [13, 1.2797676783904435], [14, 1.2728517227612812], [15, 1.2628672566997046], [16, 1.252914360144375], [17, 1.2494855188461493], [18, 1.240815137111129], [19, 1.2364435885436764], [20, 1.2424157401273654], [21, 1.2276671573744586], [22, 1.2256864281417426], [23, 1.2109854156250393], [24, 1.2140719717843844], [25, 1.2067275002395], [26, 1.2042638680165079], [27, 1.201694501719369], [28, 1.1912234744810088], [29, 1.1844494008805313], [30, 1.1848717637315753], [31, 1.1870580573451575], [32, 1.1830219845726306], [33, 1.1715640603996622], [34, 1.1737040093711546], [35, 1.173585252742647], [36, 1.154990541343946], [37, 1.160205698050152], [38, 1.1511769691339393], [39, 1.1510280732387979], [40, 1.1520792624575442], [41, 1.150554636994025], [42, 1.1390219925234613], [43, 1.1401111946017737], [44, 1.1328322425509996], [45, 1.1339352485708354], [46, 1.1328613903849634], [47, 1.1241105263885145], [48, 1.1251946665447976], [49, 1.1202245662467911], [50, 1.1183850195950915]], "cluster_quality": [[1, 0.668790618786345], [2, 0.6811244721258284], [3, 0.6808689068112516], [4, 0.6774773326079159], [5, 0.6815568266391191], [6, 0.6829841136034762], [7, 0.6813182179802677], [8, 0.6798799071683691], [9, 0.6800160503421246], [10, 0.664929897424014], [11, 0.6812742860452126], [12, 0.6786517397701791], [13, 0.6658765931222496], [14, 0.6221318858366899], [15, 0.6617784890143965], [16, 0.6667626700306094], [17, 0.663465441917184], [18, 0.6533745012358027], [19, 0.5984860389012978], [20, 0.625907980564875], [21, 0.6329912404899828], [22, 0.6251425045361213], [23, 0.6411815353296677], [24, 0.6528018571249811], [25, 0.6555528616217744], [26, 0.6421699580060014], [27, 0.6468559769059173], [28, 0.6233049278113719], [29, 0.2755304009775989], [30, 0.27494354695671847], [31, 0.2744579506901106], [32, 0.2740223500682926], [33, 0.27336347526384475], [34, 0.2727971554162027], [35, 0.27465292426988197], [36, 0.2744278410840553], [37, 0.27295076160662274], [38, 0.2739465010235737], [39, 0.27467961006621183], [40, 0.27503813016900824], [41, 0.27361707767998883], [42, 0.27476110249859775], [43, 0.27289619090577183], [44, 0.27422051658369395], [45, 0.27415898910586983], [46, 0.2750105691755321], [47, 0.2748129166439763], [48, 0.2747234512136997], [49, 0.2732428636371897], [50, 0.27419565341182023]], "params": {"input": "data/government_edges.csv", "embedding_output": "output/DeepWalk/embeddings/government_embedding.csv", "cluster_mean_output": "output/DeepWalk/cluster_means/government_means.csv", "log_output": "output/DeepWalk/logs/government_log.json", "assignment_output": "output/DeepWalk/assignments/government.json", "dump_matrices": true, "model": "GEMSECWithRegularization", "P": 1, "Q": 1, "walker": "first", "dimensions": 16, "random_walk_length": 80, "num_of_walks": 50, "window_size": 5, "distortion": 0.75, "negative_sample_number": 10, "initial_learning_rate": 0.01, "minimal_learning_rate": 0.001, "annealing_factor": 1, "initial_gamma": 0.1, "final_gamma": 0.5, "lambd": 0.0625, "cluster_number": 20, "overlap_weighting": "normalized_overlap", "regularization_noise": 1e-08}}