{"times": [[1, 83.57841086387634], [2, 83.06563019752502], [3, 82.91232681274414], [4, 83.21009492874146], [5, 83.05280804634094], [6, 82.91411209106445], [7, 83.02865743637085], [8, 83.00248384475708], [9, 83.02424001693726], [10, 82.9610104560852], [11, 82.86330699920654], [12, 83.04222679138184], [13, 82.99681448936462], [14, 82.86322355270386], [15, 83.07088041305542], [16, 82.9233558177948], [17, 82.84299612045288], [18, 83.07007813453674], [19, 82.97728824615479], [20, 83.2229368686676], [21, 83.27679634094238], [22, 82.9815924167633], [23, 83.09758615493774], [24, 83.13561820983887], [25, 83.02554035186768], [26, 83.10414552688599], [27, 82.92898178100586], [28, 83.09817409515381], [29, 83.19422221183777], [30, 83.1747362613678], [31, 83.32579612731934], [32, 83.09613466262817], [33, 83.05592966079712], [34, 83.0472149848938], [35, 82.83761286735535], [36, 82.97496485710144], [37, 83.00479745864868], [38, 83.03352379798889], [39, 83.04861736297607], [40, 83.04491066932678], [41, 82.86877226829529], [42, 82.9690010547638], [43, 83.08730721473694], [44, 83.0550308227539], [45, 82.81415438652039], [46, 83.05515694618225], [47, 83.20526766777039], [48, 83.10230612754822], [49, 82.9537136554718], [50, 82.96213173866272]], "losses": [[1, 2.008617350248688], [2, 1.8513893311178804], [3, 1.8579339228169336], [4, 1.8523319887819543], [5, 1.8502295859827649], [6, 1.8500743861716413], [7, 1.85855051459764], [8, 1.875010001324775], [9, 1.8872183059074754], [10, 1.8901462394630866], [11, 1.9066181371578501], [12, 1.9157857652311232], [13, 1.9281410170099125], [14, 1.944957496761095], [15, 1.951547768852638], [16, 1.9592235915761291], [17, 1.968371510655131], [18, 1.9801440589286319], [19, 1.9871336961492736], [20, 1.9984663158914577], [21, 2.0059775004713365], [22, 2.00507557536224], [23, 2.0215666247453377], [24, 2.0178985597503254], [25, 2.020074227018753], [26, 2.0222567394555946], [27, 2.0277673307849353], [28, 2.0356353154123656], [29, 2.0342709957112413], [30, 2.031851428618526], [31, 2.0361547581992263], [32, 2.03758717050718], [33, 2.0396959580580867], [34, 2.0306295193306108], [35, 2.035232001851989], [36, 2.0330815537823237], [37, 2.0298773035997946], [38, 2.03259460733992], [39, 2.0300660581545587], [40, 2.037632281231632], [41, 2.0268631361403706], [42, 2.0215912543991954], [43, 2.023616401663665], [44, 2.0147810228015905], [45, 2.018470322187696], [46, 2.0088293881652586], [47, 1.9990817442159783], [48, 1.997719823191473], [49, 1.9910244351105393], [50, 1.9835052290365485]], "cluster_quality": [[1, 0.44876420727491567], [2, 0.419779624378002], [3, 0.394758140530903], [4, 0.3843223408174453], [5, 0.37638573540425496], [6, 0.37771722024256554], [7, 0.37270255411902714], [8, 0.3773674838191264], [9, 0.3806111935262919], [10, 0.3838704765475805], [11, 0.38708662525295967], [12, 0.3962672743351216], [13, 0.37603449082814194], [14, 0.39250721904499447], [15, 0.40077381910412097], [16, 0.3919223921042829], [17, 0.38754561518633435], [18, 0.38609887798165465], [19, 0.39549314828346416], [20, 0.38045800309648126], [21, 0.4002832812170116], [22, 0.3828829424617102], [23, 0.38446659370147357], [24, 0.3835565967765834], [25, 0.38486346715337816], [26, 0.3871727109630017], [27, 0.3780682484482141], [28, 0.38887555355759185], [29, 0.387597849790113], [30, 0.3999795783091642], [31, 0.37826023943809317], [32, 0.39431222733027427], [33, 0.38893114463023565], [34, 0.3972024861289983], [35, 0.39503136348069584], [36, 0.38697429783682613], [37, 0.38787077754289584], [38, 0.3811506250151006], [39, 0.3844744236796394], [40, 0.39739890671942973], [41, 0.40900112466502037], [42, 0.41158159899446817], [43, 0.4150424969311841], [44, 0.390579859726194], [45, 0.3870870314676452], [46, 0.40192741172722934], [47, 0.4119772162283688], [48, 0.40659035501483337], [49, 0.41914176369664446], [50, 0.4260467336460825]], "params": {"input": "data/new_sites_edges.csv", "embedding_output": "output/DeepWalk/embeddings/new_sites_embedding.csv", "cluster_mean_output": "output/DeepWalk/cluster_means/new_sites_means.csv", "log_output": "output/DeepWalk/logs/new_sites_log.json", "assignment_output": "output/DeepWalk/assignments/new_sites.json", "dump_matrices": true, "model": "GEMSECWithRegularization", "P": 1, "Q": 1, "walker": "first", "dimensions": 16, "random_walk_length": 80, "num_of_walks": 50, "window_size": 5, "distortion": 0.75, "negative_sample_number": 10, "initial_learning_rate": 0.01, "minimal_learning_rate": 0.001, "annealing_factor": 1, "initial_gamma": 0.1, "final_gamma": 0.5, "lambd": 0.0625, "cluster_number": 20, "overlap_weighting": "normalized_overlap", "regularization_noise": 1e-08}}