{"times": [[1, 17.642005920410156], [2, 17.26099133491516], [3, 17.251434326171875], [4, 17.20884680747986], [5, 17.211852312088013], [6, 17.18153738975525], [7, 17.16863250732422], [8, 17.165893077850342], [9, 17.169683933258057], [10, 17.20164728164673], [11, 17.277236938476562], [12, 17.2331440448761], [13, 17.288877487182617], [14, 17.152058839797974], [15, 17.216885566711426], [16, 17.19381809234619], [17, 17.2042338848114], [18, 17.225859880447388], [19, 17.171305894851685], [20, 17.17972230911255], [21, 17.132781505584717], [22, 17.1388521194458], [23, 17.141297578811646], [24, 17.169331073760986], [25, 17.147438526153564], [26, 17.200912714004517], [27, 17.163551330566406], [28, 17.125060558319092], [29, 17.199784517288208], [30, 17.14439582824707], [31, 17.20581579208374], [32, 17.13373827934265], [33, 17.170321702957153], [34, 17.10055899620056], [35, 17.296732425689697], [36, 17.106285333633423], [37, 17.16895318031311], [38, 17.151641368865967], [39, 17.223084688186646], [40, 17.196707487106323], [41, 17.203622817993164], [42, 17.266498804092407], [43, 17.282435417175293], [44, 17.211803197860718], [45, 17.141454219818115], [46, 17.226248741149902], [47, 17.195958614349365], [48, 17.19394588470459], [49, 17.238746881484985], [50, 17.215190410614014]], "losses": [[1, 1.1954298472497298], [2, 0.8799828454365319], [3, 0.8414786630533964], [4, 0.8342821697377238], [5, 0.8087663333617106], [6, 0.8251965496576843], [7, 0.8086302859075595], [8, 0.7947794021669707], [9, 0.7943839799643027], [10, 0.7814508415522153], [11, 0.77592060699953], [12, 0.7680284468414226], [13, 0.7602385176539915], [14, 0.7601354179857204], [15, 0.7471815765492956], [16, 0.7504393100885444], [17, 0.7341569042275927], [18, 0.7399679631245125], [19, 0.7232044138365533], [20, 0.7264297657820271], [21, 0.7241522084304289], [22, 0.7153879207377332], [23, 0.7224517056416435], [24, 0.7094951590807502], [25, 0.6994978202366288], [26, 0.698288905133538], [27, 0.692294295481548], [28, 0.6791278630723331], [29, 0.6772540918565257], [30, 0.678155469608833], [31, 0.6760024637940416], [32, 0.6734387368640371], [33, 0.6656593962070597], [34, 0.6704471194350521], [35, 0.6504291145764064], [36, 0.6461911923828999], [37, 0.64700165152778], [38, 0.6532022141408208], [39, 0.6455262132738095], [40, 0.6306593094097378], [41, 0.6331188569222775], [42, 0.6299130737862866], [43, 0.6298133658794415], [44, 0.6257896062884273], [45, 0.6202685186018652], [46, 0.6169279711116068], [47, 0.602781614066734], [48, 0.6089719704205874], [49, 0.6007970432621933], [50, 0.6028326209103304]], "cluster_quality": [[1, 0.8300851316064277], [2, 0.823748198468534], [3, 0.8300416778134267], [4, 0.8265231504019622], [5, 0.8288376261666406], [6, 0.826583658027729], [7, 0.8204405775687745], [8, 0.8252123931371943], [9, 0.8274639280497648], [10, 0.8216418706593344], [11, 0.8263689939989246], [12, 0.8309152241597478], [13, 0.8285296920985338], [14, 0.8284953834348389], [15, 0.809072538359941], [16, 0.8275517042349742], [17, 0.8316560580228313], [18, 0.831842117141545], [19, 0.8299726739952822], [20, 0.8305938815041433], [21, 0.8293166742785724], [22, 0.8301138401741428], [23, 0.8326077874862908], [24, 0.8323531564083445], [25, 0.8309027522236928], [26, 0.8256014638468844], [27, 0.8276444588575571], [28, 0.8331113008075627], [29, 0.8295340357027329], [30, 0.8280624397074063], [31, 0.8309995761976687], [32, 0.8282214726130346], [33, 0.8313408960607592], [34, 0.8276700720535518], [35, 0.8284202919565979], [36, 0.8296353884524769], [37, 0.8338256996793024], [38, 0.8349058752964057], [39, 0.8319060270919418], [40, 0.8346616386949227], [41, 0.8334394552909336], [42, 0.8332517933554349], [43, 0.8356857071103423], [44, 0.8349938909565698], [45, 0.8355355640663527], [46, 0.8351588527337457], [47, 0.8324457071613613], [48, 0.8361756355400131], [49, 0.8355636584411076], [50, 0.8371624231031778]], "params": {"input": "data/politician_edges.csv", "embedding_output": "output/DeepWalk/embeddings/politician_embedding.csv", "cluster_mean_output": "output/DeepWalk/cluster_means/politician_means.csv", "log_output": "output/DeepWalk/logs/politician_log.json", "assignment_output": "output/DeepWalk/assignments/politician.json", "dump_matrices": true, "model": "GEMSECWithRegularization", "P": 1, "Q": 1, "walker": "first", "dimensions": 16, "random_walk_length": 80, "num_of_walks": 50, "window_size": 5, "distortion": 0.75, "negative_sample_number": 10, "initial_learning_rate": 0.01, "minimal_learning_rate": 0.001, "annealing_factor": 1, "initial_gamma": 0.1, "final_gamma": 0.5, "lambd": 0.0625, "cluster_number": 20, "overlap_weighting": "normalized_overlap", "regularization_noise": 1e-08}}