{"times": [[1, 34.21998929977417], [2, 33.73678255081177], [3, 33.75766730308533], [4, 33.742111921310425], [5, 33.78184533119202], [6, 33.760615825653076], [7, 33.715487003326416], [8, 33.71258854866028], [9, 33.64953374862671], [10, 33.678131341934204], [11, 33.80579352378845], [12, 33.64492392539978], [13, 33.74346160888672], [14, 33.75774645805359], [15, 33.78342390060425], [16, 33.77445578575134], [17, 33.668986082077026], [18, 33.64741325378418], [19, 33.68342423439026], [20, 33.84417939186096], [21, 33.77424716949463], [22, 33.60696578025818], [23, 33.84885621070862], [24, 33.829527139663696], [25, 33.71951985359192], [26, 33.76384401321411], [27, 33.55939602851868], [28, 33.7569375038147], [29, 33.630964517593384], [30, 33.700387716293335], [31, 33.73222470283508], [32, 33.51489591598511], [33, 33.643200159072876], [34, 33.61542320251465], [35, 33.650962591171265], [36, 33.576942443847656], [37, 33.710296630859375], [38, 33.73688316345215], [39, 33.67657208442688], [40, 33.715638399124146], [41, 33.88581418991089], [42, 33.736879110336304], [43, 33.63219857215881], [44, 33.68873047828674], [45, 33.67224454879761], [46, 33.73337268829346], [47, 33.72060799598694], [48, 33.66057109832764], [49, 33.747034549713135], [50, 33.570669174194336]], "losses": [[1, 1.7369142087890739], [2, 1.4477590347271794], [3, 1.4139799546471314], [4, 1.4104764484700139], [5, 1.4005909491634787], [6, 1.3900391506297707], [7, 1.3864696887561345], [8, 1.3747545001620063], [9, 1.3651097615949659], [10, 1.3518853413059477], [11, 1.34958027473152], [12, 1.34568289094063], [13, 1.3358173553692962], [14, 1.3348340578615614], [15, 1.3335947511101627], [16, 1.3217495496114624], [17, 1.3267465868571002], [18, 1.3176237316793287], [19, 1.319780376823953], [20, 1.3180135865265346], [21, 1.3150411154255046], [22, 1.3087741606660634], [23, 1.3097999174144623], [24, 1.298956554811778], [25, 1.2951571552499233], [26, 1.2910164819420724], [27, 1.2793050009295042], [28, 1.2776555511112362], [29, 1.274626918160427], [30, 1.2657998327140072], [31, 1.2626406538268407], [32, 1.2594078426554935], [33, 1.2546962967181923], [34, 1.2518396254954236], [35, 1.2513703614688356], [36, 1.2485093881646263], [37, 1.2379482526298318], [38, 1.2317433792173258], [39, 1.237933800437468], [40, 1.220212532951703], [41, 1.2206653543267603], [42, 1.2189360315146844], [43, 1.2106345060285884], [44, 1.2011764156384497], [45, 1.1998256323583685], [46, 1.1976382951427313], [47, 1.1925605600163456], [48, 1.1954387052259272], [49, 1.186319879738238], [50, 1.1853289863400296]], "cluster_quality": [[1, 0.561585764866851], [2, 0.5542954197026837], [3, 0.5480117859204965], [4, 0.5417772074942592], [5, 0.5378129163451217], [6, 0.5377092855611256], [7, 0.5346524055491576], [8, 0.533322547938929], [9, 0.5255626700689611], [10, 0.5271210530915056], [11, 0.5229798888552487], [12, 0.5110941308482596], [13, 0.5173669853487349], [14, 0.5120956326399977], [15, 0.5085723671448011], [16, 0.510492171248774], [17, 0.5045824236673824], [18, 0.5060668504006441], [19, 0.5044793308151224], [20, 0.504035412806803], [21, 0.5003791874814242], [22, 0.49752717753903186], [23, 0.5008338319329279], [24, 0.5006432403654767], [25, 0.5004491779949726], [26, 0.4927737415319254], [27, 0.49564556314716535], [28, 0.49318348522324695], [29, 0.49991255301328363], [30, 0.4960681027536804], [31, 0.49605362710612366], [32, 0.49533266226508343], [33, 0.49375003179747123], [34, 0.4994256977067197], [35, 0.49952797611301414], [36, 0.4958652584200217], [37, 0.4930284794053211], [38, 0.4992081736977429], [39, 0.49497943282056667], [40, 0.4969739658107851], [41, 0.4980937766187683], [42, 0.5007021576552501], [43, 0.49793305669146287], [44, 0.49903253765380734], [45, 0.49631130906237264], [46, 0.49865537502025775], [47, 0.49759165464080257], [48, 0.4997560711577397], [49, 0.5013438181931432], [50, 0.5019276460741553]], "params": {"input": "data/public_figure_edges.csv", "embedding_output": "output/DeepWalk/embeddings/public_figure_embedding.csv", "cluster_mean_output": "output/DeepWalk/cluster_means/public_figure_means.csv", "log_output": "output/DeepWalk/logs/public_figure_log.json", "assignment_output": "output/DeepWalk/assignments/public_figure.json", "dump_matrices": true, "model": "GEMSECWithRegularization", "P": 1, "Q": 1, "walker": "first", "dimensions": 16, "random_walk_length": 80, "num_of_walks": 50, "window_size": 5, "distortion": 0.75, "negative_sample_number": 10, "initial_learning_rate": 0.01, "minimal_learning_rate": 0.001, "annealing_factor": 1, "initial_gamma": 0.1, "final_gamma": 0.5, "lambd": 0.0625, "cluster_number": 20, "overlap_weighting": "normalized_overlap", "regularization_noise": 1e-08}}