{"times": [[1, 11.870409488677979], [2, 11.18284273147583], [3, 11.235838890075684], [4, 11.222007513046265], [5, 11.218615770339966], [6, 11.238771677017212], [7, 11.229387998580933], [8, 11.202881097793579], [9, 11.160894870758057], [10, 11.180171251296997], [11, 11.187669038772583], [12, 11.22844123840332], [13, 11.153509855270386], [14, 11.177369832992554], [15, 11.138896942138672], [16, 11.162365913391113], [17, 11.18858027458191], [18, 11.193513870239258], [19, 11.147118091583252], [20, 11.203550815582275], [21, 11.203665494918823], [22, 11.185328722000122], [23, 11.18034553527832], [24, 11.169583559036255], [25, 11.109346866607666], [26, 11.200738430023193], [27, 11.175957441329956], [28, 11.288954019546509], [29, 11.192329168319702], [30, 11.168842554092407], [31, 11.194899082183838], [32, 11.209654569625854], [33, 11.181565761566162], [34, 11.220450162887573], [35, 11.2227144241333], [36, 11.1761474609375], [37, 11.202053308486938], [38, 11.170118808746338], [39, 11.235131025314331], [40, 11.186516046524048], [41, 11.203076839447021], [42, 11.171630382537842], [43, 11.112032890319824], [44, 11.19707179069519], [45, 11.161054849624634], [46, 11.237510681152344], [47, 11.218766212463379], [48, 11.174446821212769], [49, 11.245868444442749], [50, 11.204640626907349]], "losses": [[1, 1.2498643226569321], [2, 0.7253223873946705], [3, 0.6506373138326811], [4, 0.628685679861018], [5, 0.6163116071156904], [6, 0.5950814138816523], [7, 0.5726462353417173], [8, 0.5726528806652097], [9, 0.5580767962042116], [10, 0.5449080408210047], [11, 0.5419362709940797], [12, 0.5220976190570692], [13, 0.5247507058428591], [14, 0.5252509261428819], [15, 0.5041478740502214], [16, 0.5064809803050758], [17, 0.499653588967036], [18, 0.5003839969885787], [19, 0.49919851614307814], [20, 0.49198045878013535], [21, 0.4882956737693579], [22, 0.48502586739480436], [23, 0.48245915481322976], [24, 0.4806939133486968], [25, 0.4616282650466744], [26, 0.47100188650280805], [27, 0.4620979463093879], [28, 0.45462740948261027], [29, 0.45494127659823935], [30, 0.4667450228145103], [31, 0.4579760600829005], [32, 0.45326990077610896], [33, 0.4486894369970544], [34, 0.4458323263985326], [35, 0.44858009737695187], [36, 0.4386959364570731], [37, 0.4348591037198924], [38, 0.42868222615428897], [39, 0.42702257337540633], [40, 0.41455159308690337], [41, 0.428945184934153], [42, 0.42200519811201226], [43, 0.42308509034819647], [44, 0.41734621150826867], [45, 0.4188065134431068], [46, 0.4280142698000029], [47, 0.41409673882678977], [48, 0.40816202470223933], [49, 0.41171434810882834], [50, 0.4109854649939983]], "cluster_quality": [[1, 0.807700191764023], [2, 0.8182481677993527], [3, 0.8208163137108155], [4, 0.8224584742957236], [5, 0.8260623624581798], [6, 0.8219998997639559], [7, 0.8278338385474265], [8, 0.8242568048387041], [9, 0.8147737528717183], [10, 0.8193734623710978], [11, 0.8114217837824897], [12, 0.8054258792846866], [13, 0.8125189519887335], [14, 0.8119349380953494], [15, 0.7995687255944798], [16, 0.8221824560182645], [17, 0.8171432238158909], [18, 0.8152214423221709], [19, 0.8069695422168727], [20, 0.802137660158358], [21, 0.7925665861919031], [22, 0.8122238348989528], [23, 0.8066563146472647], [24, 0.8025658883519744], [25, 0.820897810031044], [26, 0.806998338097935], [27, 0.8210485953389018], [28, 0.8223638091581434], [29, 0.759177969331046], [30, 0.7814545961528448], [31, 0.7947311853743813], [32, 0.7950210906462856], [33, 0.8085978745367706], [34, 0.7941247586505472], [35, 0.7985166078989734], [36, 0.797021088001783], [37, 0.8066057955871198], [38, 0.7958955031388298], [39, 0.7995019317688536], [40, 0.8055191047121127], [41, 0.783049445982753], [42, 0.8102813772880803], [43, 0.8141335097391055], [44, 0.8172901514388489], [45, 0.8117466582380867], [46, 0.81728660250298], [47, 0.8092061957043855], [48, 0.810535368671378], [49, 0.8133150966020006], [50, 0.8125694156754111]], "params": {"input": "data/tvshow_edges.csv", "embedding_output": "output/DeepWalk/embeddings/tvshow_embedding.csv", "cluster_mean_output": "output/DeepWalk/cluster_means/tvshow_means.csv", "log_output": "output/DeepWalk/logs/tvshow_log.json", "assignment_output": "output/DeepWalk/assignments/tvshow.json", "dump_matrices": true, "model": "GEMSECWithRegularization", "P": 1, "Q": 1, "walker": "first", "dimensions": 16, "random_walk_length": 80, "num_of_walks": 50, "window_size": 5, "distortion": 0.75, "negative_sample_number": 10, "initial_learning_rate": 0.01, "minimal_learning_rate": 0.001, "annealing_factor": 1, "initial_gamma": 0.1, "final_gamma": 0.5, "lambd": 0.0625, "cluster_number": 20, "overlap_weighting": "normalized_overlap", "regularization_noise": 1e-08}}