{"times": [[1, 138.29725861549377], [2, 137.19410681724548], [3, 136.79525995254517], [4, 137.14835691452026], [5, 136.6384415626526], [6, 137.048974275589], [7, 136.81909465789795], [8, 136.81099033355713], [9, 136.7493188381195], [10, 137.1912727355957], [11, 136.76528882980347], [12, 136.8999228477478], [13, 137.0930359363556], [14, 136.57028007507324], [15, 136.82712292671204], [16, 137.11752009391785], [17, 136.56952047348022], [18, 137.04685401916504], [19, 136.56100940704346], [20, 136.94338846206665], [21, 136.91936659812927], [22, 136.87773060798645], [23, 136.85597896575928], [24, 136.90731239318848], [25, 136.9845552444458], [26, 136.93684720993042], [27, 136.6996774673462], [28, 136.93251252174377], [29, 137.66473650932312], [30, 137.36981511116028], [31, 136.97557759284973], [32, 137.03853917121887], [33, 137.04595923423767], [34, 137.0363166332245], [35, 137.108980178833], [36, 136.85135293006897], [37, 136.91400861740112], [38, 136.9077296257019], [39, 136.62035989761353], [40, 137.04263353347778], [41, 136.57542157173157], [42, 137.07909226417542], [43, 136.6014792919159], [44, 136.88191199302673], [45, 136.80683636665344], [46, 136.61524033546448], [47, 136.61797952651978], [48, 137.05508184432983], [49, 136.6587998867035], [50, 136.87871074676514]], "losses": [[1, 2.2902910518124706], [2, 2.3956304522784504], [3, 2.5708117856314354], [4, 2.7384463059020776], [5, 2.898692145020044], [6, 3.0437757766408744], [7, 3.183333218989721], [8, 3.3331643974988707], [9, 3.4573783446907536], [10, 3.5990975238699185], [11, 3.714022698594912], [12, 3.8227716324914156], [13, 3.933939939677143], [14, 4.062453364673421], [15, 4.154867146152158], [16, 4.267565815318141], [17, 4.3670125977421685], [18, 4.465084106881088], [19, 4.543595881110711], [20, 4.649674146640782], [21, 4.7395484292388], [22, 4.804400044390851], [23, 4.914625363582717], [24, 4.985348012208301], [25, 5.055623076110267], [26, 5.138694222581324], [27, 5.185656258491883], [28, 5.257380938157107], [29, 5.3243789006232936], [30, 5.391115556280766], [31, 5.427670265084491], [32, 5.510786050163843], [33, 5.536464944731702], [34, 5.586386753274913], [35, 5.640906940347356], [36, 5.672469934013756], [37, 5.7089894970850015], [38, 5.759050296542433], [39, 5.773421395491058], [40, 5.820091412337147], [41, 5.8426458518670055], [42, 5.846713585675052], [43, 5.86238571283464], [44, 5.8661074452319735], [45, 5.908239213008875], [46, 5.944024310419492], [47, 5.933842126650202], [48, 5.9362806951077545], [49, 5.970586278608361], [50, 5.977720455487129]], "cluster_quality": [[1, 0.330356733294722], [2, 0.30314484211560544], [3, 0.2932702047199819], [4, 0.28881373345147804], [5, 0.28188392314399213], [6, 0.2893972931424872], [7, 0.2867795674213155], [8, 0.27687199061990764], [9, 0.2767924248081847], [10, 0.27252244760834077], [11, 0.2713889706776743], [12, 0.2735773466853129], [13, 0.26236167327443066], [14, 0.272685749854671], [15, 0.26652559881204724], [16, 0.2641450478165655], [17, 0.263270810516802], [18, 0.2685003250580689], [19, 0.27036640686338625], [20, 0.26929706617143345], [21, 0.2706571126518839], [22, 0.2698042705094786], [23, 0.26289149882181606], [24, 0.26977061526357576], [25, 0.26992852127078565], [26, 0.2722447669818672], [27, 0.27162905607991644], [28, 0.2709834954353925], [29, 0.2769738229055831], [30, 0.2758922067227613], [31, 0.27548470693291266], [32, 0.2756485357848464], [33, 0.2710998257156467], [34, 0.2717774935369112], [35, 0.26557197843687136], [36, 0.2720744215314905], [37, 0.26862105419165483], [38, 0.26907288876246876], [39, 0.26754297416738615], [40, 0.2660986208017197], [41, 0.26875326389513365], [42, 0.26905522986874286], [43, 0.26771290683949267], [44, 0.27099107599344857], [45, 0.26620261666853656], [46, 0.26849628419071714], [47, 0.26745759237601685], [48, 0.26978177018507005], [49, 0.26907287040302935], [50, 0.2682827508634618]], "params": {"input": "data/artist_edges.csv", "embedding_output": "output/GEMSECWithRegularization/embeddings/artist_embedding.csv", "cluster_mean_output": "output/GEMSECWithRegularization/cluster_means/artist_means.csv", "log_output": "output/GEMSECWithRegularization/logs/artist_log.json", "assignment_output": "output/GEMSECWithRegularization/assignments/artist.json", "dump_matrices": true, "model": "GEMSECWithRegularization", "P": 1, "Q": 1, "walker": "first", "dimensions": 16, "random_walk_length": 80, "num_of_walks": 50, "window_size": 5, "distortion": 0.75, "negative_sample_number": 10, "initial_learning_rate": 0.01, "minimal_learning_rate": 0.001, "annealing_factor": 1, "initial_gamma": 0.1, "final_gamma": 0.5, "lambd": 0.0625, "cluster_number": 20, "overlap_weighting": "normalized_overlap", "regularization_noise": 1e-08}}