{"times": [[1, 41.40511703491211], [2, 41.03602409362793], [3, 41.03273892402649], [4, 41.17827892303467], [5, 40.99963665008545], [6, 41.00170063972473], [7, 40.95018982887268], [8, 41.065205574035645], [9, 41.195547580718994], [10, 41.05468940734863], [11, 41.051626205444336], [12, 41.05681133270264], [13, 41.078166007995605], [14, 41.0914843082428], [15, 41.12054967880249], [16, 41.05634689331055], [17, 40.968663930892944], [18, 40.90159726142883], [19, 41.129135847091675], [20, 41.0656898021698], [21, 41.04853367805481], [22, 41.02848815917969], [23, 41.03446412086487], [24, 41.03161931037903], [25, 41.08122539520264], [26, 41.0413932800293], [27, 41.010783433914185], [28, 41.028923749923706], [29, 40.93155002593994], [30, 41.065006256103516], [31, 41.12934732437134], [32, 40.988056898117065], [33, 41.098758697509766], [34, 41.18655872344971], [35, 41.085108041763306], [36, 40.97955822944641], [37, 41.06351017951965], [38, 40.935250759124756], [39, 41.03671336174011], [40, 40.9489164352417], [41, 41.00764012336731], [42, 40.983888387680054], [43, 41.109917879104614], [44, 41.01347279548645], [45, 41.19309878349304], [46, 41.05809020996094], [47, 41.205071687698364], [48, 41.285645484924316], [49, 40.974798917770386], [50, 41.18515157699585]], "losses": [[1, 1.6849134348071741], [2, 1.4524116766464825], [3, 1.4568696386653264], [4, 1.458797919185805], [5, 1.4546636498257675], [6, 1.4484882831517605], [7, 1.4369134628637759], [8, 1.4253033618612645], [9, 1.4259066607480173], [10, 1.4110537158177818], [11, 1.405646108968333], [12, 1.4003065022450925], [13, 1.392657636331262], [14, 1.3866650296347482], [15, 1.3852498143810343], [16, 1.3743821972927095], [17, 1.3715351362758756], [18, 1.3693863797288608], [19, 1.3599995986394477], [20, 1.3620079818867994], [21, 1.3521332873385328], [22, 1.3544322866771827], [23, 1.3518545585518578], [24, 1.3438346078306367], [25, 1.3443059008504046], [26, 1.336555507801904], [27, 1.335181803770979], [28, 1.3326874517931186], [29, 1.3265754118339828], [30, 1.320242398616357], [31, 1.3133914631951402], [32, 1.310621424638714], [33, 1.3112538618786664], [34, 1.304660295307546], [35, 1.2985689532512537], [36, 1.3003233836072616], [37, 1.2974237954249659], [38, 1.2848309986935422], [39, 1.2810811711818875], [40, 1.2849819090901906], [41, 1.2782535885003812], [42, 1.2729899441135852], [43, 1.2628425331838664], [44, 1.2647840495656686], [45, 1.2549048994533363], [46, 1.2558064450418904], [47, 1.2503704301010536], [48, 1.2414391104281852], [49, 1.243893914316137], [50, 1.2400124492585824]], "cluster_quality": [[1, 0.6177204003087166], [2, 0.5854814774337325], [3, 0.5637628270202631], [4, 0.5335171095128614], [5, 0.5066731532186902], [6, 0.494186061625432], [7, 0.4916948049553162], [8, 0.48150241825014706], [9, 0.47995688636512795], [10, 0.4705708661474205], [11, 0.451942352713071], [12, 0.4649515925703946], [13, 0.44738998481611614], [14, 0.44984277522268235], [15, 0.44488443850664605], [16, 0.43901392671746825], [17, 0.4389086597318589], [18, 0.4480025625965071], [19, 0.43360762543865494], [20, 0.4449771074584077], [21, 0.43552922467591576], [22, 0.4344865358490222], [23, 0.43438022324125025], [24, 0.4224002051116611], [25, 0.41513053442362835], [26, 0.44377795864227443], [27, 0.4283834875526235], [28, 0.43935845905434606], [29, 0.4364666491019286], [30, 0.43412184455043984], [31, 0.4348016003570023], [32, 0.4508862649178152], [33, 0.43181513412784595], [34, 0.45208018071877865], [35, 0.4414833696030503], [36, 0.43683221165290054], [37, 0.4326636981003905], [38, 0.44859319941045855], [39, 0.4504621683361192], [40, 0.4516799889008411], [41, 0.4583932115113365], [42, 0.44751065062105766], [43, 0.45989700407099965], [44, 0.4482649195161273], [45, 0.45191412628296423], [46, 0.458689529777522], [47, 0.45536310253611617], [48, 0.4674144592434709], [49, 0.45475151039892736], [50, 0.4597933894560411]], "params": {"input": "data/athletes_edges.csv", "embedding_output": "output/GEMSECWithRegularization/embeddings/athletes_embedding.csv", "cluster_mean_output": "output/GEMSECWithRegularization/cluster_means/athletes_means.csv", "log_output": "output/GEMSECWithRegularization/logs/athletes_log.json", "assignment_output": "output/GEMSECWithRegularization/assignments/athletes.json", "dump_matrices": true, "model": "GEMSECWithRegularization", "P": 1, "Q": 1, "walker": "first", "dimensions": 16, "random_walk_length": 80, "num_of_walks": 50, "window_size": 5, "distortion": 0.75, "negative_sample_number": 10, "initial_learning_rate": 0.01, "minimal_learning_rate": 0.001, "annealing_factor": 1, "initial_gamma": 0.1, "final_gamma": 0.5, "lambd": 0.0625, "cluster_number": 20, "overlap_weighting": "normalized_overlap", "regularization_noise": 1e-08}}