{"times": [[1, 41.97447872161865], [2, 40.84252333641052], [3, 40.85699534416199], [4, 40.642592430114746], [5, 40.67119097709656], [6, 40.464197635650635], [7, 40.55006527900696], [8, 40.62769436836243], [9, 40.571486949920654], [10, 40.519922971725464], [11, 40.53360867500305], [12, 40.545687675476074], [13, 40.68395161628723], [14, 40.69090676307678], [15, 40.64929699897766], [16, 40.54753017425537], [17, 40.56762504577637], [18, 40.65220618247986], [19, 40.59925556182861], [20, 40.50895094871521], [21, 40.60693001747131], [22, 40.55054521560669], [23, 40.784019947052], [24, 40.70339751243591], [25, 40.55299711227417], [26, 40.59927678108215], [27, 40.52485966682434], [28, 40.563828229904175], [29, 40.57403922080994], [30, 40.36898946762085], [31, 40.69662022590637], [32, 40.48618221282959], [33, 40.58526921272278], [34, 40.46380305290222], [35, 40.541746377944946], [36, 40.63846778869629], [37, 40.45888066291809], [38, 40.543848752975464], [39, 40.73328709602356], [40, 40.66047549247742], [41, 40.66324329376221], [42, 40.47617840766907], [43, 40.54857349395752], [44, 40.48280596733093], [45, 40.570321559906006], [46, 40.627219915390015], [47, 40.51426577568054], [48, 40.51953911781311], [49, 40.652979612350464], [50, 40.670820236206055]], "losses": [[1, 1.5524117650021645], [2, 1.2078447128516536], [3, 1.1865612804237167], [4, 1.1821328821623511], [5, 1.1716816245771515], [6, 1.1658880994872631], [7, 1.1533972302993247], [8, 1.1465188649124762], [9, 1.1291381271219072], [10, 1.1228809204615886], [11, 1.1168256903780323], [12, 1.1039337453939913], [13, 1.095276083725419], [14, 1.0864079885904325], [15, 1.0854384876446623], [16, 1.0746282680044732], [17, 1.0733784114227807], [18, 1.0722799119243591], [19, 1.0569408485788792], [20, 1.0538735570222264], [21, 1.0598038507286667], [22, 1.0428626559102472], [23, 1.042157333510253], [24, 1.0347884333579846], [25, 1.0322858295984467], [26, 1.0328569693871892], [27, 1.0284105111787227], [28, 1.0256215033925105], [29, 1.0223924552857209], [30, 1.0146117705093167], [31, 1.0164043058482284], [32, 1.007265542382606], [33, 0.9999457552089621], [34, 0.9995773494941008], [35, 0.9938553762905606], [36, 0.9875214711644116], [37, 0.9892059568155256], [38, 0.9832829816683558], [39, 0.9837656002751715], [40, 0.9782421888639319], [41, 0.9755042584563208], [42, 0.9713666252600509], [43, 0.9665024282837963], [44, 0.960284083640702], [45, 0.9557820038934252], [46, 0.9568660072878047], [47, 0.9493407104390049], [48, 0.9456927436086846], [49, 0.9425792176143013], [50, 0.9413969750155611]], "cluster_quality": [[1, 0.5946552917969398], [2, 0.599881805637838], [3, 0.5809907755849144], [4, 0.5691693858440854], [5, 0.5606452069246904], [6, 0.5553503465820591], [7, 0.546209489214428], [8, 0.5403953730318436], [9, 0.5307485087449602], [10, 0.5278770001974539], [11, 0.5143909909312676], [12, 0.516594860733665], [13, 0.5028366606719109], [14, 0.509631352303542], [15, 0.5073072719392914], [16, 0.5104513084120039], [17, 0.5008632055470086], [18, 0.4931100782904556], [19, 0.5024897230278107], [20, 0.5029847590725423], [21, 0.5016921777262668], [22, 0.5020903018821409], [23, 0.49561439619935577], [24, 0.49890526679087416], [25, 0.4937211620312285], [26, 0.5025817469937264], [27, 0.5001096747581556], [28, 0.49397375545350597], [29, 0.4944702589714764], [30, 0.5013528310721771], [31, 0.4980685490353324], [32, 0.49538527412623024], [33, 0.494523640389059], [34, 0.49838194383358103], [35, 0.5066636008273983], [36, 0.5021869999814716], [37, 0.49925526820334676], [38, 0.49900843576927556], [39, 0.5025252354782002], [40, 0.4960321060340503], [41, 0.49926512390053246], [42, 0.49792913688490237], [43, 0.501967635847073], [44, 0.4996065569211326], [45, 0.5045301569496525], [46, 0.5069297784727542], [47, 0.5012537770853515], [48, 0.5010803183132364], [49, 0.5024224990124568], [50, 0.5066209457968266]], "params": {"input": "data/company_edges.csv", "embedding_output": "output/GEMSECWithRegularization/embeddings/company_embedding.csv", "cluster_mean_output": "output/GEMSECWithRegularization/cluster_means/company_means.csv", "log_output": "output/GEMSECWithRegularization/logs/company_log.json", "assignment_output": "output/GEMSECWithRegularization/assignments/company.json", "dump_matrices": true, "model": "GEMSECWithRegularization", "P": 1, "Q": 1, "walker": "first", "dimensions": 16, "random_walk_length": 80, "num_of_walks": 50, "window_size": 5, "distortion": 0.75, "negative_sample_number": 10, "initial_learning_rate": 0.01, "minimal_learning_rate": 0.001, "annealing_factor": 1, "initial_gamma": 0.1, "final_gamma": 0.5, "lambd": 0.0625, "cluster_number": 20, "overlap_weighting": "normalized_overlap", "regularization_noise": 1e-08}}