{"times": [[1, 21.203322887420654], [2, 20.57941484451294], [3, 20.581678867340088], [4, 20.552196741104126], [5, 20.675352811813354], [6, 20.542171716690063], [7, 20.517195463180542], [8, 20.559051513671875], [9, 20.60382652282715], [10, 20.710651397705078], [11, 18.420457363128662], [12, 20.524961471557617], [13, 20.572237014770508], [14, 20.582122087478638], [15, 20.599485874176025], [16, 19.961323022842407], [17, 20.570167541503906], [18, 20.65441060066223], [19, 20.513272523880005], [20, 20.564772605895996], [21, 20.471503973007202], [22, 20.610622882843018], [23, 20.569642305374146], [24, 20.51372265815735], [25, 20.632339477539062], [26, 20.614387035369873], [27, 20.635607957839966], [28, 20.62166929244995], [29, 20.55980086326599], [30, 20.55489158630371], [31, 20.57380962371826], [32, 20.554041147232056], [33, 20.501583576202393], [34, 20.572240352630615], [35, 20.6324520111084], [36, 20.6863374710083], [37, 20.59613299369812], [38, 20.602126121520996], [39, 20.461474895477295], [40, 20.641762018203735], [41, 20.58982515335083], [42, 20.566652536392212], [43, 20.562992572784424], [44, 20.592545747756958], [45, 20.63646626472473], [46, 20.610791206359863], [47, 20.574397087097168], [48, 20.603477716445923], [49, 20.544255256652832], [50, 20.663448572158813]], "losses": [[1, 1.709195965726551], [2, 1.4420612029508506], [3, 1.4065843282181143], [4, 1.3852783649161076], [5, 1.368938884284124], [6, 1.3464739160464154], [7, 1.3426700117961532], [8, 1.3345991135851358], [9, 1.3343254947760117], [10, 1.3133281913803845], [11, 1.3099543558769124], [12, 1.3060647267940633], [13, 1.2821237955448799], [14, 1.2782081798652305], [15, 1.2821972594921491], [16, 1.2719991528621108], [17, 1.2622346420976533], [18, 1.2491062634032122], [19, 1.258421471792467], [20, 1.2541210374136231], [21, 1.2464983133057814], [22, 1.240978782868523], [23, 1.2382226515182848], [24, 1.2304046178590022], [25, 1.2304460161575534], [26, 1.223911119473205], [27, 1.2214988130525513], [28, 1.218366784557639], [29, 1.2098008146224735], [30, 1.2074544888659646], [31, 1.203479597000549], [32, 1.1960136320891193], [33, 1.1885341402484781], [34, 1.19104309193658], [35, 1.1823790426719318], [36, 1.1836800632172997], [37, 1.1870237284118121], [38, 1.1771770119735678], [39, 1.183634673159074], [40, 1.1753210045077382], [41, 1.1746679158368993], [42, 1.167506775931337], [43, 1.168112619147465], [44, 1.1534002110002035], [45, 1.1629661557319921], [46, 1.1480360490937602], [47, 1.147377719842684], [48, 1.1416262060364761], [49, 1.1474413218282071], [50, 1.1356275119679253]], "cluster_quality": [[1, 0.6687186798552988], [2, 0.675591553370932], [3, 0.6703899208230254], [4, 0.6616392825569049], [5, 0.6598966750009508], [6, 0.6594287036440469], [7, 0.6484044519011326], [8, 0.6540865181334372], [9, 0.6408319827016506], [10, 0.646327049664214], [11, 0.6643457555333062], [12, 0.6462058771291], [13, 0.6221829502504657], [14, 0.662770058514024], [15, 0.6410741775631299], [16, 0.6539551785154903], [17, 0.6423008045093717], [18, 0.6527828036700959], [19, 0.63424064330633], [20, 0.6340616995743116], [21, 0.6160028964670486], [22, 0.6282171682095019], [23, 0.6022806720383143], [24, 0.6104169620842347], [25, 0.6382879592995273], [26, 0.6050668749311381], [27, 0.6220875694447178], [28, 0.596839099134778], [29, 0.624553474612805], [30, 0.6291192069842845], [31, 0.6116846654997226], [32, 0.6147212115787666], [33, 0.6190722858389005], [34, 0.6089743172750737], [35, 0.600044553889249], [36, 0.6284618567611434], [37, 0.6033999697726762], [38, 0.5904901128074886], [39, 0.5943661571491986], [40, 0.6309970615850965], [41, 0.6196771039888261], [42, 0.6405468988686892], [43, 0.6366921291218769], [44, 0.6214607783916694], [45, 0.6203324758177896], [46, 0.6184856599428705], [47, 0.6483721942599884], [48, 0.6292922341536571], [49, 0.6234299264207381], [50, 0.6310939349809374]], "params": {"input": "data/government_edges.csv", "embedding_output": "output/GEMSECWithRegularization/embeddings/government_embedding.csv", "cluster_mean_output": "output/GEMSECWithRegularization/cluster_means/government_means.csv", "log_output": "output/GEMSECWithRegularization/logs/government_log.json", "assignment_output": "output/GEMSECWithRegularization/assignments/government.json", "dump_matrices": true, "model": "GEMSECWithRegularization", "P": 1, "Q": 1, "walker": "first", "dimensions": 16, "random_walk_length": 80, "num_of_walks": 50, "window_size": 5, "distortion": 0.75, "negative_sample_number": 10, "initial_learning_rate": 0.01, "minimal_learning_rate": 0.001, "annealing_factor": 1, "initial_gamma": 0.1, "final_gamma": 0.5, "lambd": 0.0625, "cluster_number": 20, "overlap_weighting": "normalized_overlap", "regularization_noise": 1e-08}}