{"times": [[1, 81.51383233070374], [2, 81.05888199806213], [3, 81.11337804794312], [4, 81.24056553840637], [5, 81.30080199241638], [6, 81.06351804733276], [7, 80.93303942680359], [8, 81.44045758247375], [9, 80.88486289978027], [10, 81.07285666465759], [11, 79.87796521186829], [12, 81.1094172000885], [13, 80.91750383377075], [14, 81.28376364707947], [15, 81.04887795448303], [16, 80.98284268379211], [17, 81.13801336288452], [18, 81.04399847984314], [19, 81.21521806716919], [20, 80.87621235847473], [21, 80.8648931980133], [22, 81.46991872787476], [23, 81.02349734306335], [24, 81.28658246994019], [25, 81.13684153556824], [26, 81.12185621261597], [27, 81.15310382843018], [28, 81.02630257606506], [29, 81.26541423797607], [30, 81.38339424133301], [31, 81.12448477745056], [32, 81.29171681404114], [33, 81.07559943199158], [34, 81.09592819213867], [35, 81.01924562454224], [36, 81.19108128547668], [37, 80.92535328865051], [38, 81.13032817840576], [39, 80.8720383644104], [40, 81.42000579833984], [41, 81.08395147323608], [42, 81.0715696811676], [43, 81.22332000732422], [44, 81.2894766330719], [45, 81.11357045173645], [46, 81.5383358001709], [47, 81.0986168384552], [48, 81.33592629432678], [49, 81.32797980308533], [50, 81.22100043296814]], "losses": [[1, 1.9956789100703796], [2, 1.8305956446002396], [3, 1.831265597775721], [4, 1.8190063899128408], [5, 1.8152073650164942], [6, 1.8208473602798687], [7, 1.826235860291794], [8, 1.8391111053782077], [9, 1.855427096397321], [10, 1.8743891605656522], [11, 1.8828614887272994], [12, 1.9035955608613269], [13, 1.9148174789028778], [14, 1.9301514919054206], [15, 1.9441168482479463], [16, 1.9617276581319651], [17, 1.9658283477911773], [18, 1.9818370914675243], [19, 2.000377791550237], [20, 2.0090550152935127], [21, 2.0152918059940252], [22, 2.0222513980908094], [23, 2.02772173828872], [24, 2.0462583355038744], [25, 2.0465372380605955], [26, 2.0541757281841493], [27, 2.066421135880124], [28, 2.0712894404950664], [29, 2.07707630795152], [30, 2.0748577924498584], [31, 2.0853649175215763], [32, 2.083550473360143], [33, 2.0886752661583805], [34, 2.0969883617673295], [35, 2.096313790577103], [36, 2.1012176591903637], [37, 2.0988112597204163], [38, 2.091350396409861], [39, 2.0938173274656027], [40, 2.095585671051972], [41, 2.1020153075794625], [42, 2.0886940111279344], [43, 2.1020252620457383], [44, 2.086808801214013], [45, 2.0887773961166256], [46, 2.0853934830353085], [47, 2.07572009492331], [48, 2.079369808920735], [49, 2.0701047207695917], [50, 2.0661360915055966]], "cluster_quality": [[1, 0.45313352425402864], [2, 0.4199782728085265], [3, 0.38403956287272734], [4, 0.3808894588833934], [5, 0.35791803596518185], [6, 0.35609667306977916], [7, 0.3671036198218054], [8, 0.37238652112695264], [9, 0.35883032275009674], [10, 0.35225711590198744], [11, 0.3587081067101204], [12, 0.3521922786412599], [13, 0.35562880783385825], [14, 0.3524914397085802], [15, 0.3576557133503841], [16, 0.34862116396407344], [17, 0.3483366110176107], [18, 0.3418587965009202], [19, 0.33914810072988905], [20, 0.34191132262305846], [21, 0.33957372547969733], [22, 0.3444232418924651], [23, 0.34286201248574355], [24, 0.3495404549935265], [25, 0.34209482163047233], [26, 0.34254269579861785], [27, 0.35472604194877244], [28, 0.34811215467968215], [29, 0.34556731140620356], [30, 0.3492751104790112], [31, 0.3444294346948739], [32, 0.34217003614090113], [33, 0.3506635302021613], [34, 0.3519363469823761], [35, 0.3474259881815066], [36, 0.3536229150274411], [37, 0.35346707319560533], [38, 0.3533049014287926], [39, 0.3595076474649311], [40, 0.35550301453547056], [41, 0.35217669953296854], [42, 0.3513968474444099], [43, 0.3510041682534499], [44, 0.3565134695167959], [45, 0.3545131581163766], [46, 0.35633507372607587], [47, 0.3511970204588921], [48, 0.35397669914169655], [49, 0.3516542858103638], [50, 0.3526629077189794]], "params": {"input": "data/new_sites_edges.csv", "embedding_output": "output/GEMSECWithRegularization/embeddings/new_sites_embedding.csv", "cluster_mean_output": "output/GEMSECWithRegularization/cluster_means/new_sites_means.csv", "log_output": "output/GEMSECWithRegularization/logs/new_sites_log.json", "assignment_output": "output/GEMSECWithRegularization/assignments/new_sites.json", "dump_matrices": true, "model": "GEMSECWithRegularization", "P": 1, "Q": 1, "walker": "first", "dimensions": 16, "random_walk_length": 80, "num_of_walks": 50, "window_size": 5, "distortion": 0.75, "negative_sample_number": 10, "initial_learning_rate": 0.01, "minimal_learning_rate": 0.001, "annealing_factor": 1, "initial_gamma": 0.1, "final_gamma": 0.5, "lambd": 0.0625, "cluster_number": 20, "overlap_weighting": "normalized_overlap", "regularization_noise": 1e-08}}