{"times": [[1, 17.780998706817627], [2, 17.2816059589386], [3, 17.26306462287903], [4, 17.286776542663574], [5, 17.294982194900513], [6, 17.33287215232849], [7, 17.356112241744995], [8, 17.278311729431152], [9, 17.320765018463135], [10, 17.30372905731201], [11, 17.27239727973938], [12, 17.382448434829712], [13, 17.37611961364746], [14, 17.347566843032837], [15, 17.208877325057983], [16, 17.271871328353882], [17, 17.305472373962402], [18, 17.350488424301147], [19, 17.28394651412964], [20, 17.29250454902649], [21, 17.41954278945923], [22, 17.39849019050598], [23, 17.3371844291687], [24, 17.30856418609619], [25, 17.316237688064575], [26, 17.303781509399414], [27, 17.326548099517822], [28, 17.426202058792114], [29, 17.303466796875], [30, 17.292674779891968], [31, 17.394711017608643], [32, 17.310362815856934], [33, 17.31586194038391], [34, 17.352195262908936], [35, 17.3453528881073], [36, 17.23603653907776], [37, 17.38569474220276], [38, 17.329257488250732], [39, 17.28150177001953], [40, 17.31588864326477], [41, 17.25687050819397], [42, 17.312442302703857], [43, 17.338491201400757], [44, 17.408437967300415], [45, 17.339061498641968], [46, 17.287903308868408], [47, 17.327211141586304], [48, 17.24011468887329], [49, 17.377854585647583], [50, 17.34775400161743]], "losses": [[1, 1.2001463042997131], [2, 0.88733550900065], [3, 0.8417792834074173], [4, 0.8302023646288684], [5, 0.819619385991876], [6, 0.8021688040064682], [7, 0.783963662291295], [8, 0.7813151686417018], [9, 0.7770729049322679], [10, 0.770857179929933], [11, 0.7649591602224254], [12, 0.75955920628371], [13, 0.7445179377537481], [14, 0.7387921953278725], [15, 0.7341702701498678], [16, 0.7260786657563374], [17, 0.7106487874676881], [18, 0.71532934043902], [19, 0.7077119173586102], [20, 0.7123712001806005], [21, 0.6963042910488231], [22, 0.697320355889977], [23, 0.6800878952227699], [24, 0.6854957063403674], [25, 0.6827249177287036], [26, 0.6810083166032792], [27, 0.6635691572019178], [28, 0.6893703384125024], [29, 0.6624997001454693], [30, 0.6575369878381064], [31, 0.6639381771854874], [32, 0.6567790497907172], [33, 0.6500568937780759], [34, 0.6556034662644773], [35, 0.6409568528576326], [36, 0.6441283299637796], [37, 0.6359139798020221], [38, 0.6337469157039427], [39, 0.6346130324817675], [40, 0.6277663366934985], [41, 0.6232749675187744], [42, 0.6186318229358976], [43, 0.615241456591712], [44, 0.6137740493862566], [45, 0.6102236717211564], [46, 0.609417098578833], [47, 0.6018936295628537], [48, 0.5911151665765269], [49, 0.6024872817950889], [50, 0.6015088855522699]], "cluster_quality": [[1, 0.8209138254479837], [2, 0.8388192262721442], [3, 0.8380567885521504], [4, 0.8440549255024684], [5, 0.844152353906637], [6, 0.8385883646627514], [7, 0.8383558654926053], [8, 0.8394520285036461], [9, 0.8360549134586585], [10, 0.8316114866800405], [11, 0.8363295361011024], [12, 0.8332305458395547], [13, 0.8372237037104537], [14, 0.8336857435093871], [15, 0.8315228869766405], [16, 0.834044473546273], [17, 0.8311570792201314], [18, 0.8291300015411793], [19, 0.8306394141924371], [20, 0.8268261485294501], [21, 0.8062896668117245], [22, 0.8293225919516507], [23, 0.8338018713470009], [24, 0.8342880956676556], [25, 0.8307844447045641], [26, 0.8188803913456759], [27, 0.8281111817620933], [28, 0.8318123541948913], [29, 0.8348487470240504], [30, 0.8314094683071326], [31, 0.8321349947243524], [32, 0.8341713901038914], [33, 0.8326628460518407], [34, 0.827374169161241], [35, 0.83400315406663], [36, 0.8350096842437094], [37, 0.8377232728734743], [38, 0.8299117761459379], [39, 0.832317703490818], [40, 0.834515842379792], [41, 0.8327241536502987], [42, 0.8352377068976105], [43, 0.8380964526683458], [44, 0.8271294590655126], [45, 0.832189277724131], [46, 0.8387147505852178], [47, 0.8361537712469107], [48, 0.8339891933084628], [49, 0.8390969250479129], [50, 0.8373115970488788]], "params": {"input": "data/politician_edges.csv", "embedding_output": "output/GEMSECWithRegularization/embeddings/politician_embedding.csv", "cluster_mean_output": "output/GEMSECWithRegularization/cluster_means/politician_means.csv", "log_output": "output/GEMSECWithRegularization/logs/politician_log.json", "assignment_output": "output/GEMSECWithRegularization/assignments/politician.json", "dump_matrices": true, "model": "GEMSECWithRegularization", "P": 1, "Q": 1, "walker": "first", "dimensions": 16, "random_walk_length": 80, "num_of_walks": 50, "window_size": 5, "distortion": 0.75, "negative_sample_number": 10, "initial_learning_rate": 0.01, "minimal_learning_rate": 0.001, "annealing_factor": 1, "initial_gamma": 0.1, "final_gamma": 0.5, "lambd": 0.0625, "cluster_number": 20, "overlap_weighting": "normalized_overlap", "regularization_noise": 1e-08}}