{"times": [[1, 34.14165234565735], [2, 33.64822196960449], [3, 33.61725687980652], [4, 33.535210847854614], [5, 33.73379826545715], [6, 33.54905819892883], [7, 33.576740026474], [8, 33.52577447891235], [9, 33.55671787261963], [10, 33.52557444572449], [11, 33.500815629959106], [12, 33.52062749862671], [13, 33.726805448532104], [14, 33.68430233001709], [15, 33.562416553497314], [16, 33.590916872024536], [17, 33.527976274490356], [18, 33.676867723464966], [19, 33.5778226852417], [20, 33.524545669555664], [21, 33.631160497665405], [22, 33.4801344871521], [23, 33.55012559890747], [24, 33.610515117645264], [25, 33.63869667053223], [26, 33.669705867767334], [27, 33.5456337928772], [28, 33.53227496147156], [29, 33.57835054397583], [30, 33.57451105117798], [31, 33.58081316947937], [32, 33.61372184753418], [33, 33.612168073654175], [34, 33.612144470214844], [35, 33.65238857269287], [36, 33.58285474777222], [37, 33.57567882537842], [38, 33.55207586288452], [39, 33.556419134140015], [40, 33.658287048339844], [41, 33.478421211242676], [42, 33.46249437332153], [43, 33.67734217643738], [44, 33.47566509246826], [45, 33.51989221572876], [46, 33.50914263725281], [47, 33.38144826889038], [48, 33.644819021224976], [49, 33.62354516983032], [50, 33.63549041748047]], "losses": [[1, 1.7159129518917304], [2, 1.4420765537966704], [3, 1.405110734581651], [4, 1.3919594246612268], [5, 1.3870801819824214], [6, 1.379232736703345], [7, 1.3636893434734298], [8, 1.362881410481401], [9, 1.3523702810646083], [10, 1.3528182467984473], [11, 1.355816193260945], [12, 1.3510325113664934], [13, 1.343917507195738], [14, 1.350369902089934], [15, 1.3378537530078678], [16, 1.3313490842863227], [17, 1.3355253730386405], [18, 1.3159453107540968], [19, 1.319469748351077], [20, 1.318733097796948], [21, 1.3187579436779306], [22, 1.3090741931725336], [23, 1.3090531838203385], [24, 1.305736406983053], [25, 1.2994603371037468], [26, 1.2949337747928853], [27, 1.29161335728705], [28, 1.2832058045355996], [29, 1.2865681231695107], [30, 1.2806236266514863], [31, 1.2764207743336977], [32, 1.2781138214539178], [33, 1.2761328149960574], [34, 1.2635835010461731], [35, 1.2602264936158165], [36, 1.2581714829762571], [37, 1.2569173139972163], [38, 1.252125129660441], [39, 1.2430596588574063], [40, 1.2456791005360257], [41, 1.2392583520872815], [42, 1.231769131741358], [43, 1.2313312308554378], [44, 1.2334640622891122], [45, 1.2343168888134755], [46, 1.2266806998153623], [47, 1.2177604348877493], [48, 1.2126672150911035], [49, 1.2055104665248826], [50, 1.2068468526360074]], "cluster_quality": [[1, 0.5748514716305738], [2, 0.5730516818064308], [3, 0.5662524790849366], [4, 0.5729653529762103], [5, 0.5648712573192982], [6, 0.5598786705825304], [7, 0.5618331026822064], [8, 0.5609545027514483], [9, 0.5622025052674928], [10, 0.5512019352454534], [11, 0.5453964439629841], [12, 0.5429445952894626], [13, 0.5428135029016243], [14, 0.5331120565604135], [15, 0.5374676253344026], [16, 0.5377105186081182], [17, 0.5098942475803788], [18, 0.5277102176638402], [19, 0.5337238553376339], [20, 0.5261194385183716], [21, 0.5290645017707031], [22, 0.5268842871999415], [23, 0.4178174300475102], [24, 0.5252956340281859], [25, 0.5149790505360371], [26, 0.48077109382259536], [27, 0.5287226825620849], [28, 0.5209294135175868], [29, 0.5213543249745781], [30, 0.5197371180177267], [31, 0.5081212555483196], [32, 0.5186946425006874], [33, 0.5188825230964377], [34, 0.5159102483352291], [35, 0.5216960397271988], [36, 0.5132049447876945], [37, 0.5210506542950958], [38, 0.5181439643576545], [39, 0.5156812132975314], [40, 0.517340500036601], [41, 0.517817276060943], [42, 0.5139260046492807], [43, 0.5167249544971249], [44, 0.5159648984698494], [45, 0.5158256147781154], [46, 0.518386382861656], [47, 0.5152158390726845], [48, 0.5156742275113113], [49, 0.516967082611233], [50, 0.5169728936282489]], "params": {"input": "data/public_figure_edges.csv", "embedding_output": "output/GEMSECWithRegularization/embeddings/public_figure_embedding.csv", "cluster_mean_output": "output/GEMSECWithRegularization/cluster_means/public_figure_means.csv", "log_output": "output/GEMSECWithRegularization/logs/public_figure_log.json", "assignment_output": "output/GEMSECWithRegularization/assignments/public_figure.json", "dump_matrices": true, "model": "GEMSECWithRegularization", "P": 1, "Q": 1, "walker": "first", "dimensions": 16, "random_walk_length": 80, "num_of_walks": 50, "window_size": 5, "distortion": 0.75, "negative_sample_number": 10, "initial_learning_rate": 0.01, "minimal_learning_rate": 0.001, "annealing_factor": 1, "initial_gamma": 0.1, "final_gamma": 0.5, "lambd": 0.0625, "cluster_number": 20, "overlap_weighting": "normalized_overlap", "regularization_noise": 1e-08}}