{"times": [[1, 11.762691497802734], [2, 11.209301710128784], [3, 11.120283603668213], [4, 11.199508666992188], [5, 11.21442461013794], [6, 11.244500398635864], [7, 11.198122501373291], [8, 11.167409420013428], [9, 11.183144092559814], [10, 11.205788612365723], [11, 11.198208332061768], [12, 11.163370847702026], [13, 11.188519477844238], [14, 11.170705556869507], [15, 11.22760796546936], [16, 11.173982381820679], [17, 11.136300325393677], [18, 11.142028331756592], [19, 11.176358699798584], [20, 11.19293761253357], [21, 11.113213777542114], [22, 11.202708959579468], [23, 11.216031074523926], [24, 11.239645957946777], [25, 11.204603433609009], [26, 11.082845211029053], [27, 11.152925729751587], [28, 11.140774488449097], [29, 11.233015775680542], [30, 11.19189190864563], [31, 11.147357702255249], [32, 11.204993724822998], [33, 11.110054731369019], [34, 11.200510263442993], [35, 11.236945390701294], [36, 11.15071177482605], [37, 11.210181474685669], [38, 11.21142840385437], [39, 11.149807453155518], [40, 11.204934120178223], [41, 11.1166353225708], [42, 11.189738512039185], [43, 11.197954177856445], [44, 11.201776027679443], [45, 11.197531700134277], [46, 11.220922708511353], [47, 11.145378112792969], [48, 11.207877397537231], [49, 11.169372320175171], [50, 11.118780612945557]], "losses": [[1, 1.2552572271776101], [2, 0.7278146783630809], [3, 0.6515847782385206], [4, 0.616535033633452], [5, 0.5854119130406426], [6, 0.5934389910114142], [7, 0.5726138697343688], [8, 0.563972609036268], [9, 0.55484010041275], [10, 0.5451337189144644], [11, 0.5503983366382591], [12, 0.5441351698468394], [13, 0.5351723558518304], [14, 0.5246832934299145], [15, 0.5310954616944912], [16, 0.5242768050035518], [17, 0.5079320541799321], [18, 0.5072601693859449], [19, 0.49282183636981086], [20, 0.4983267684027798], [21, 0.4951720816472819], [22, 0.48189865203501553], [23, 0.48340703084258957], [24, 0.47920880919199854], [25, 0.4658385297539094], [26, 0.4736771174129348], [27, 0.4675813532019951], [28, 0.4647521515279235], [29, 0.459154375929305], [30, 0.45268879149957175], [31, 0.44862793050065086], [32, 0.44585480535989636], [33, 0.4445868013613309], [34, 0.4434066401045092], [35, 0.43979546038543027], [36, 0.43332463047655734], [37, 0.4372333168451275], [38, 0.4317461468735451], [39, 0.4309429795256809], [40, 0.4317601769305919], [41, 0.42723117427821944], [42, 0.4340211456083527], [43, 0.42720974071328466], [44, 0.4333644315290752], [45, 0.4114957853497503], [46, 0.41419207001103037], [47, 0.41336150346912504], [48, 0.4214687046842824], [49, 0.4202979986466379], [50, 0.4156896376880393]], "cluster_quality": [[1, 0.8036523711569824], [2, 0.8076116915391529], [3, 0.815099345504408], [4, 0.8160052101264689], [5, 0.8208608960640553], [6, 0.8221091969208164], [7, 0.8238428546097727], [8, 0.8254410033559542], [9, 0.8244342986156996], [10, 0.8262339077823831], [11, 0.8263348116639637], [12, 0.8237462732146216], [13, 0.8180830944589066], [14, 0.8199589159746359], [15, 0.8195103858542684], [16, 0.8184118316333543], [17, 0.8219712666473282], [18, 0.8155264511268205], [19, 0.8109266627621996], [20, 0.8059592079975234], [21, 0.8182569755366466], [22, 0.8180559748837228], [23, 0.8219767100269777], [24, 0.8206022919031196], [25, 0.8135946755612161], [26, 0.8264629123079861], [27, 0.8210160625877777], [28, 0.8070811885511403], [29, 0.8124691913772946], [30, 0.8102697874535427], [31, 0.815568254738784], [32, 0.8254589376474755], [33, 0.8190141355508386], [34, 0.8252873184919821], [35, 0.8222795995380092], [36, 0.826146994930247], [37, 0.8238943099849128], [38, 0.824018108278312], [39, 0.8266907221090791], [40, 0.8268953086135167], [41, 0.8256852741787373], [42, 0.8257497507086496], [43, 0.8276433018018688], [44, 0.8277012224488306], [45, 0.8304152170396282], [46, 0.825918039066176], [47, 0.829756066384854], [48, 0.8291460890471671], [49, 0.8283763508659424], [50, 0.8275913765912472]], "params": {"input": "data/tvshow_edges.csv", "embedding_output": "output/GEMSECWithRegularization/embeddings/tvshow_embedding.csv", "cluster_mean_output": "output/GEMSECWithRegularization/cluster_means/tvshow_means.csv", "log_output": "output/GEMSECWithRegularization/logs/tvshow_log.json", "assignment_output": "output/GEMSECWithRegularization/assignments/tvshow.json", "dump_matrices": true, "model": "GEMSECWithRegularization", "P": 1, "Q": 1, "walker": "first", "dimensions": 16, "random_walk_length": 80, "num_of_walks": 50, "window_size": 5, "distortion": 0.75, "negative_sample_number": 10, "initial_learning_rate": 0.01, "minimal_learning_rate": 0.001, "annealing_factor": 1, "initial_gamma": 0.1, "final_gamma": 0.5, "lambd": 0.0625, "cluster_number": 20, "overlap_weighting": "normalized_overlap", "regularization_noise": 1e-08}}