{"times": [[1, 152.3685953617096], [2, 151.4178159236908], [3, 151.43002223968506], [4, 151.5285882949829], [5, 150.47601437568665], [6, 149.68274426460266], [7, 149.38382697105408], [8, 149.7910554409027], [9, 149.67005586624146], [10, 149.85366415977478], [11, 151.3002064228058], [12, 151.08251023292542], [13, 151.31866002082825], [14, 151.4627833366394], [15, 151.16607904434204], [16, 151.64915895462036], [17, 151.9145576953888], [18, 151.83340191841125], [19, 150.90895295143127], [20, 151.09861278533936], [21, 150.3263816833496], [22, 150.79802322387695], [23, 150.57677102088928], [24, 150.5398235321045], [25, 150.75607085227966], [26, 150.5138385295868], [27, 150.9455428123474], [28, 152.49578952789307], [29, 151.7177472114563], [30, 151.03283309936523], [31, 149.96548581123352], [32, 150.37089347839355], [33, 149.26414799690247], [34, 149.45374035835266], [35, 149.58087587356567], [36, 149.46859002113342], [37, 149.63587498664856], [38, 149.42010807991028], [39, 149.48904371261597], [40, 149.25966382026672], [41, 149.3497188091278], [42, 149.77398014068604], [43, 149.62970614433289], [44, 149.39380621910095], [45, 149.5418930053711], [46, 149.34228563308716], [47, 149.49703311920166], [48, 149.3618779182434], [49, 149.47729468345642], [50, 149.629492521286]], "losses": [[1, 2.2930111876262553], [2, 2.419860668977593], [3, 2.60408214081352], [4, 2.763243947650765], [5, 2.921281688760604], [6, 3.076539537239509], [7, 3.231903451871107], [8, 3.365375783586253], [9, 3.5028092619680264], [10, 3.6282371010772545], [11, 3.7581864111478716], [12, 3.8748457655748685], [13, 3.9876133791954107], [14, 4.095676786297296], [15, 4.223933233564518], [16, 4.3390458870896325], [17, 4.448093403581581], [18, 4.561850955544586], [19, 4.657215872939407], [20, 4.728196095689316], [21, 4.839389847184624], [22, 4.932615385511706], [23, 5.0142103969351695], [24, 5.086966018008381], [25, 5.160566824131834], [26, 5.241179612260354], [27, 5.308228595726952], [28, 5.368040196082385], [29, 5.431191231902845], [30, 5.484386492485836], [31, 5.540771622972908], [32, 5.591663380733731], [33, 5.653934884917072], [34, 5.680621930033243], [35, 5.743623126233956], [36, 5.776300861786099], [37, 5.832459605327752], [38, 5.863361744235898], [39, 5.863916117589769], [40, 5.912100573734082], [41, 5.938413294859833], [42, 5.952220611382354], [43, 5.980883504031443], [44, 6.007767315612009], [45, 5.995959765762813], [46, 6.034931283347337], [47, 6.039980470492593], [48, 6.046119173419932], [49, 6.039104666823351], [50, 6.0630552797468305]], "cluster_quality": [[1, 0.3279705080153169], [2, 0.2946484027316701], [3, 0.28089841883043604], [4, 0.2748298362075178], [5, 0.2637344619254518], [6, 0.2588622901193103], [7, 0.2595553954590619], [8, 0.25706347431127097], [9, 0.25535683446783697], [10, 0.25242648405846807], [11, 0.2568899096589066], [12, 0.2598672167616339], [13, 0.26012665596801676], [14, 0.2638127489248947], [15, 0.265016086971683], [16, 0.2651560886475866], [17, 0.264605264284171], [18, 0.26749391820083085], [19, 0.2689537871803852], [20, 0.27069513537366846], [21, 0.26961667206183587], [22, 0.26935848126531153], [23, 0.2637645181707522], [24, 0.2691614411459173], [25, 0.26680389341980176], [26, 0.26679964540615925], [27, 0.2711271880550899], [28, 0.2710691352548001], [29, 0.2732850019153551], [30, 0.2744371443976191], [31, 0.275337607532548], [32, 0.27661640653977954], [33, 0.27631666191682847], [34, 0.2764145313128642], [35, 0.27640246280888453], [36, 0.2764586156395814], [37, 0.27566891547108685], [38, 0.2752676464599743], [39, 0.27650891052492177], [40, 0.27573327244988277], [41, 0.27594507140227065], [42, 0.2737962625282904], [43, 0.27360430890770593], [44, 0.27322589712096823], [45, 0.2721814981372872], [46, 0.2726059990817249], [47, 0.27316119002643896], [48, 0.2715986915333853], [49, 0.27216977180356294], [50, 0.2719168567217419]], "params": {"input": "data/artist_edges.csv", "embedding_output": "output/DeepWalkWithRegularization/embeddings/artist_embedding.csv", "cluster_mean_output": "output/DeepWalkWithRegularization/cluster_means/artist_means.csv", "log_output": "output/DeepWalkWithRegularization/logs/artist_log.json", "assignment_output": "output/DeepWalkWithRegularization/assignments/artist.json", "dump_matrices": true, "model": "GEMSECWithRegularization", "P": 1, "Q": 1, "walker": "first", "dimensions": 16, "random_walk_length": 80, "num_of_walks": 50, "window_size": 5, "distortion": 0.75, "negative_sample_number": 10, "initial_learning_rate": 0.01, "minimal_learning_rate": 0.001, "annealing_factor": 1, "initial_gamma": 0.1, "final_gamma": 0.5, "lambd": 0.0625, "cluster_number": 20, "overlap_weighting": "normalized_overlap", "regularization_noise": 1e-08}}