{"times": [[1, 40.91755771636963], [2, 40.411723136901855], [3, 40.31608581542969], [4, 40.31070256233215], [5, 40.259326457977295], [6, 40.289262771606445], [7, 40.25021195411682], [8, 40.2883837223053], [9, 40.411380767822266], [10, 40.34654927253723], [11, 40.25259876251221], [12, 40.31704139709473], [13, 40.382519483566284], [14, 40.26887893676758], [15, 40.166704177856445], [16, 40.42269015312195], [17, 40.31621766090393], [18, 40.35971999168396], [19, 40.348654985427856], [20, 40.20647096633911], [21, 39.397863149642944], [22, 40.38512206077576], [23, 40.544283628463745], [24, 40.648513317108154], [25, 40.51388621330261], [26, 40.712498903274536], [27, 40.591567277908325], [28, 40.2963707447052], [29, 40.32148861885071], [30, 38.161375761032104], [31, 36.39099740982056], [32, 38.160603761672974], [33, 40.5282506942749], [34, 40.746073722839355], [35, 40.504072189331055], [36, 40.232876777648926], [37, 40.4372718334198], [38, 40.44633722305298], [39, 40.67923665046692], [40, 40.55430579185486], [41, 40.64516043663025], [42, 40.528472661972046], [43, 40.57547211647034], [44, 40.52086877822876], [45, 40.448540925979614], [46, 40.55411124229431], [47, 40.60799479484558], [48, 40.49620723724365], [49, 40.46140432357788], [50, 40.54737687110901]], "losses": [[1, 1.683163890788931], [2, 1.4606341692922213], [3, 1.4669043163495044], [4, 1.4660403869329344], [5, 1.4590256526017369], [6, 1.4431058446123506], [7, 1.428308348323611], [8, 1.411410801447944], [9, 1.398884747828066], [10, 1.3795082063954036], [11, 1.3638374997851233], [12, 1.3607924447714483], [13, 1.3443422669816971], [14, 1.3383661781815301], [15, 1.3253682995303449], [16, 1.3162015972863983], [17, 1.3141761673967676], [18, 1.3049967812408354], [19, 1.298739243297157], [20, 1.29290197678899], [21, 1.2876334536128036], [22, 1.276584708230315], [23, 1.2736665241801235], [24, 1.2729260691156947], [25, 1.2611524329343309], [26, 1.2573228353321753], [27, 1.2509197967306165], [28, 1.24830554105335], [29, 1.2420719908828448], [30, 1.240043332901824], [31, 1.2301149678424745], [32, 1.225957822883452], [33, 1.2238865997540187], [34, 1.218150485684988], [35, 1.214196442591356], [36, 1.2132165322219153], [37, 1.205727060602033], [38, 1.2014160631564372], [39, 1.1995474153082641], [40, 1.19190087918255], [41, 1.1864358988615658], [42, 1.1826517322698074], [43, 1.1761175276856393], [44, 1.1771601055334078], [45, 1.171398895006419], [46, 1.1715325692999818], [47, 1.1664385268545014], [48, 1.1562845972594324], [49, 1.1536050410778702], [50, 1.1497318431359984]], "cluster_quality": [[1, 0.6106147929538405], [2, 0.5745061180238831], [3, 0.532994764411766], [4, 0.5154335513256739], [5, 0.49718800401695573], [6, 0.48905134607311834], [7, 0.4798982804922015], [8, 0.4749390516471212], [9, 0.472333851256052], [10, 0.45312416456101456], [11, 0.46005916305559713], [12, 0.4464995291517739], [13, 0.4400415086668198], [14, 0.43752965846920644], [15, 0.4236934721170427], [16, 0.42682676134025355], [17, 0.4322169574397796], [18, 0.4155612160986926], [19, 0.42351922475407255], [20, 0.43308615457232824], [21, 0.44443933788951834], [22, 0.43315248785614807], [23, 0.4313094890250091], [24, 0.4310478739887943], [25, 0.4378347347240018], [26, 0.419665093274897], [27, 0.4463187633019052], [28, 0.4276248820130344], [29, 0.44269206315943743], [30, 0.45852919468351944], [31, 0.45104865467229094], [32, 0.4404718559177584], [33, 0.45264935639797316], [34, 0.43645736343101826], [35, 0.43984528355473285], [36, 0.46458502137876273], [37, 0.46293773720893455], [38, 0.4490870902939482], [39, 0.45108572418822834], [40, 0.4412297580134967], [41, 0.4519223840934374], [42, 0.4469290301360335], [43, 0.4611492777434865], [44, 0.47791360943478584], [45, 0.47503744696585437], [46, 0.4656436102635267], [47, 0.4551724165638594], [48, 0.4694961394760228], [49, 0.45980465893934874], [50, 0.46371622037245286]], "params": {"input": "data/athletes_edges.csv", "embedding_output": "output/DeepWalkWithRegularization/embeddings/athletes_embedding.csv", "cluster_mean_output": "output/DeepWalkWithRegularization/cluster_means/athletes_means.csv", "log_output": "output/DeepWalkWithRegularization/logs/athletes_log.json", "assignment_output": "output/DeepWalkWithRegularization/assignments/athletes.json", "dump_matrices": true, "model": "GEMSECWithRegularization", "P": 1, "Q": 1, "walker": "first", "dimensions": 16, "random_walk_length": 80, "num_of_walks": 50, "window_size": 5, "distortion": 0.75, "negative_sample_number": 10, "initial_learning_rate": 0.01, "minimal_learning_rate": 0.001, "annealing_factor": 1, "initial_gamma": 0.1, "final_gamma": 0.5, "lambd": 0.0625, "cluster_number": 20, "overlap_weighting": "normalized_overlap", "regularization_noise": 1e-08}}