{"times": [[1, 41.66375017166138], [2, 40.785966634750366], [3, 41.00602173805237], [4, 41.0560507774353], [5, 39.03029918670654], [6, 40.88795876502991], [7, 41.110509634017944], [8, 41.24699282646179], [9, 41.09943437576294], [10, 41.133827447891235], [11, 40.021796464920044], [12, 38.8052921295166], [13, 41.345616817474365], [14, 41.20975112915039], [15, 41.08314371109009], [16, 41.202632188797], [17, 41.0366370677948], [18, 41.24184703826904], [19, 41.1817090511322], [20, 40.43849802017212], [21, 41.54174327850342], [22, 41.46749830245972], [23, 41.58426642417908], [24, 41.58659887313843], [25, 41.262195348739624], [26, 41.43891930580139], [27, 41.13067436218262], [28, 41.2764196395874], [29, 41.36599540710449], [30, 41.418763160705566], [31, 41.325655937194824], [32, 41.6330943107605], [33, 41.418002128601074], [34, 41.43347358703613], [35, 41.29566264152527], [36, 41.298691749572754], [37, 41.33739113807678], [38, 41.44348692893982], [39, 41.57339024543762], [40, 41.43888759613037], [41, 40.94374942779541], [42, 40.35145330429077], [43, 40.646974086761475], [44, 41.227402687072754], [45, 41.18562364578247], [46, 41.358285665512085], [47, 40.9215874671936], [48, 38.56515121459961], [49, 38.78117346763611], [50, 41.10885262489319]], "losses": [[1, 1.559260096318884], [2, 1.2118590554029904], [3, 1.19102900257812], [4, 1.1912463136439133], [5, 1.1792293391635575], [6, 1.1800670378184128], [7, 1.1709827874097354], [8, 1.1620319424916241], [9, 1.1493120706878872], [10, 1.1428856352448553], [11, 1.1336450798919124], [12, 1.1172257071701588], [13, 1.1128430893069385], [14, 1.0985995499390921], [15, 1.0939488177211696], [16, 1.0866825992870655], [17, 1.077084427415556], [18, 1.0695622489592769], [19, 1.0604575074222453], [20, 1.0470678734570722], [21, 1.0401091015973778], [22, 1.035600342355631], [23, 1.0313964062593077], [24, 1.0164414567073474], [25, 1.0190071491601786], [26, 1.0062043266093073], [27, 1.0037754340873224], [28, 0.995450757622079], [29, 0.989404141611246], [30, 0.9831582624636802], [31, 0.9758489244006913], [32, 0.9701258714634772], [33, 0.9658264416966619], [34, 0.9631090400549001], [35, 0.9534105334074848], [36, 0.9516785550987404], [37, 0.9449318533144695], [38, 0.9441577906261113], [39, 0.9426700581356905], [40, 0.9376448687091539], [41, 0.9307174502586126], [42, 0.9258778474753536], [43, 0.9217688853477691], [44, 0.9234728008842066], [45, 0.9216470654384975], [46, 0.9168309425173752], [47, 0.9049033875469785], [48, 0.9119750835233227], [49, 0.899745872491175], [50, 0.9031135598516313]], "cluster_quality": [[1, 0.5963249644296253], [2, 0.5981826644029584], [3, 0.5811469685686638], [4, 0.5712330850000481], [5, 0.5637685756146695], [6, 0.5656395943100705], [7, 0.552318286119896], [8, 0.5463630133008879], [9, 0.5421915984662848], [10, 0.5352674496016772], [11, 0.5310022392717035], [12, 0.5116753694840338], [13, 0.5048625901620784], [14, 0.519934123041391], [15, 0.5166574835233142], [16, 0.51720920741425], [17, 0.5225154395324464], [18, 0.520503352091872], [19, 0.5166672182558276], [20, 0.5181552680973657], [21, 0.5078727192905872], [22, 0.4994461013031257], [23, 0.5019489150108423], [24, 0.49202367940107955], [25, 0.5105425291140222], [26, 0.5165748434558166], [27, 0.5249218564561567], [28, 0.5383929547251158], [29, 0.501570554326276], [30, 0.5277758834157835], [31, 0.5198842380875653], [32, 0.5378499965702314], [33, 0.525778643566483], [34, 0.5294110171626943], [35, 0.5186709132697551], [36, 0.530789884875619], [37, 0.5390317607548283], [38, 0.5425410500559489], [39, 0.5351628767387164], [40, 0.5272614444183228], [41, 0.5578467170023448], [42, 0.5433380533919061], [43, 0.5406991507731816], [44, 0.5305068982571256], [45, 0.565666816294972], [46, 0.5603772608562231], [47, 0.55404282134786], [48, 0.5642956415332167], [49, 0.5598939099623033], [50, 0.5687115818849885]], "params": {"input": "data/company_edges.csv", "embedding_output": "output/DeepWalkWithRegularization/embeddings/company_embedding.csv", "cluster_mean_output": "output/DeepWalkWithRegularization/cluster_means/company_means.csv", "log_output": "output/DeepWalkWithRegularization/logs/company_log.json", "assignment_output": "output/DeepWalkWithRegularization/assignments/company.json", "dump_matrices": true, "model": "GEMSECWithRegularization", "P": 1, "Q": 1, "walker": "first", "dimensions": 16, "random_walk_length": 80, "num_of_walks": 50, "window_size": 5, "distortion": 0.75, "negative_sample_number": 10, "initial_learning_rate": 0.01, "minimal_learning_rate": 0.001, "annealing_factor": 1, "initial_gamma": 0.1, "final_gamma": 0.5, "lambd": 0.0625, "cluster_number": 20, "overlap_weighting": "normalized_overlap", "regularization_noise": 1e-08}}