{"times": [[1, 20.9596586227417], [2, 20.487838983535767], [3, 20.399467706680298], [4, 20.48692011833191], [5, 20.400020122528076], [6, 20.45002031326294], [7, 20.53457808494568], [8, 20.45176601409912], [9, 20.47660493850708], [10, 20.493024826049805], [11, 20.465065479278564], [12, 20.372985124588013], [13, 20.42630887031555], [14, 20.395142316818237], [15, 20.440568923950195], [16, 20.3531436920166], [17, 20.494142055511475], [18, 20.405639171600342], [19, 20.49300456047058], [20, 20.435197353363037], [21, 20.39848017692566], [22, 20.39389657974243], [23, 20.322654962539673], [24, 19.864688396453857], [25, 20.39937400817871], [26, 20.472655296325684], [27, 20.491923570632935], [28, 20.487836599349976], [29, 20.47815442085266], [30, 20.38385319709778], [31, 20.481290817260742], [32, 20.35090732574463], [33, 20.427085876464844], [34, 20.464132070541382], [35, 20.399383783340454], [36, 20.402530193328857], [37, 20.411759853363037], [38, 20.374694347381592], [39, 20.511783599853516], [40, 20.46168541908264], [41, 20.438481330871582], [42, 20.370353937149048], [43, 20.354730367660522], [44, 20.461032152175903], [45, 20.542705297470093], [46, 20.421067237854004], [47, 20.209940910339355], [48, 20.5133056640625], [49, 20.451339960098267], [50, 20.432128429412842]], "losses": [[1, 1.699530983483874], [2, 1.4351194585047042], [3, 1.4012354301541845], [4, 1.3984292868703743], [5, 1.366134547671617], [6, 1.3639914940103552], [7, 1.3474692880148689], [8, 1.3304191603818485], [9, 1.3273160408633837], [10, 1.3198025364033372], [11, 1.3158621459468762], [12, 1.2997992771273972], [13, 1.2986284069990375], [14, 1.295317033237931], [15, 1.2906153154050948], [16, 1.2705234244900805], [17, 1.278689637782829], [18, 1.267567697185028], [19, 1.2662705197878603], [20, 1.261247299756737], [21, 1.262438393413991], [22, 1.255708415294561], [23, 1.2432555709035789], [24, 1.2401197611788346], [25, 1.2434648429159065], [26, 1.2363141163702185], [27, 1.2338139345655363], [28, 1.228245139289877], [29, 1.2274925976593627], [30, 1.2231397456403061], [31, 1.2149496107493258], [32, 1.2033992276763348], [33, 1.2024348926000257], [34, 1.2076937093754336], [35, 1.202731065160706], [36, 1.1926165570079883], [37, 1.1941938577759608], [38, 1.183841176258195], [39, 1.1882566405335921], [40, 1.1824030089097732], [41, 1.1749694109437054], [42, 1.1812940642329515], [43, 1.1719960174056774], [44, 1.161169128180758], [45, 1.1637913802393447], [46, 1.1634688941209947], [47, 1.1543240473231289], [48, 1.152347228111982], [49, 1.1505684859504843], [50, 1.1445077737698044]], "cluster_quality": [[1, 0.6664039794121415], [2, 0.6832712630566603], [3, 0.6791983775855607], [4, 0.6633121227104501], [5, 0.6827986689068055], [6, 0.6694869446806704], [7, 0.6669159585582685], [8, 0.675603312016677], [9, 0.6544593692380374], [10, 0.6543757945025104], [11, 0.6502056508662383], [12, 0.6495844758958557], [13, 0.6408273342282521], [14, 0.6361559559950974], [15, 0.6511217164138745], [16, 0.6216679504963825], [17, 0.6370514381954997], [18, 0.6541315069032557], [19, 0.6400041533593706], [20, 0.6470560225927453], [21, 0.6452515424037563], [22, 0.6476215431598924], [23, 0.6553784720140654], [24, 0.6472782300058402], [25, 0.6457059854759074], [26, 0.6412598469480948], [27, 0.6489278290420498], [28, 0.6483115293577766], [29, 0.6474504129695557], [30, 0.6456791528449025], [31, 0.6479005568473866], [32, 0.6454757807590972], [33, 0.6479205685391131], [34, 0.6475309636605705], [35, 0.6446251752342976], [36, 0.6467363661294004], [37, 0.6442585873471415], [38, 0.6474668743238048], [39, 0.6391597033315983], [40, 0.6467469677803891], [41, 0.652715813567462], [42, 0.6475147474889872], [43, 0.6494984109067222], [44, 0.6510548485276767], [45, 0.6509338192032331], [46, 0.6491842916102156], [47, 0.6493259126545938], [48, 0.6493021897945582], [49, 0.6487367830711467], [50, 0.6481961231765597]], "params": {"input": "data/government_edges.csv", "embedding_output": "output/DeepWalkWithRegularization/embeddings/government_embedding.csv", "cluster_mean_output": "output/DeepWalkWithRegularization/cluster_means/government_means.csv", "log_output": "output/DeepWalkWithRegularization/logs/government_log.json", "assignment_output": "output/DeepWalkWithRegularization/assignments/government.json", "dump_matrices": true, "model": "GEMSECWithRegularization", "P": 1, "Q": 1, "walker": "first", "dimensions": 16, "random_walk_length": 80, "num_of_walks": 50, "window_size": 5, "distortion": 0.75, "negative_sample_number": 10, "initial_learning_rate": 0.01, "minimal_learning_rate": 0.001, "annealing_factor": 1, "initial_gamma": 0.1, "final_gamma": 0.5, "lambd": 0.0625, "cluster_number": 20, "overlap_weighting": "normalized_overlap", "regularization_noise": 1e-08}}