{"times": [[1, 82.51266717910767], [2, 82.48835396766663], [3, 82.28077983856201], [4, 82.35927891731262], [5, 82.48365092277527], [6, 82.29975724220276], [7, 82.31531286239624], [8, 82.16252875328064], [9, 82.42123889923096], [10, 82.39107155799866], [11, 82.53893184661865], [12, 82.5254819393158], [13, 82.45879292488098], [14, 82.5192322731018], [15, 82.3615198135376], [16, 82.61093139648438], [17, 82.40555930137634], [18, 82.47485756874084], [19, 82.56848955154419], [20, 82.5860846042633], [21, 82.31937623023987], [22, 82.39903998374939], [23, 82.29967856407166], [24, 82.4661021232605], [25, 82.47354626655579], [26, 82.53854036331177], [27, 82.36367678642273], [28, 82.41112470626831], [29, 82.42283868789673], [30, 81.73124980926514], [31, 82.00852608680725], [32, 82.4840795993805], [33, 83.1276330947876], [34, 83.16302537918091], [35, 81.11944127082825], [36, 79.39560961723328], [37, 79.07137823104858], [38, 78.97116923332214], [39, 78.90222001075745], [40, 78.81415343284607], [41, 78.99850559234619], [42, 78.99267721176147], [43, 78.91245150566101], [44, 79.1524543762207], [45, 78.90984296798706], [46, 79.22677755355835], [47, 79.29226684570312], [48, 79.04114270210266], [49, 79.38315892219543], [50, 79.22868752479553]], "losses": [[1, 2.0015500872296017], [2, 1.8491097014581133], [3, 1.8756546654018267], [4, 1.8801876700167974], [5, 1.8835678003984864], [6, 1.8751224580154457], [7, 1.8835802559200103], [8, 1.889211032680387], [9, 1.9012605349277085], [10, 1.9085578925943107], [11, 1.9311110786064805], [12, 1.940935593872764], [13, 1.9607144206886147], [14, 1.9625570189427837], [15, 1.986571098255638], [16, 2.0011364039669233], [17, 2.008152538874546], [18, 2.0249840004950954], [19, 2.034289740701879], [20, 2.0570269045703387], [21, 2.063842397862398], [22, 2.0718849670264303], [23, 2.0824197572485006], [24, 2.0923938175433365], [25, 2.0978763791831803], [26, 2.1066007431133875], [27, 2.1105882092543333], [28, 2.112547114018412], [29, 2.12264084005668], [30, 2.124303841728753], [31, 2.124507832053296], [32, 2.123863894827326], [33, 2.1217373197352294], [34, 2.1326109562000455], [35, 2.1364676074324067], [36, 2.1380102379531043], [37, 2.13246192489132], [38, 2.136034486075466], [39, 2.132330317835656], [40, 2.134074245444598], [41, 2.131334466437756], [42, 2.1326585452174704], [43, 2.12844471474145], [44, 2.124470072337023], [45, 2.121908174130129], [46, 2.121488537021411], [47, 2.1206345010415255], [48, 2.117725564026256], [49, 2.104885235652792], [50, 2.10148781761024]], "cluster_quality": [[1, 0.44211417744114606], [2, 0.422324819250547], [3, 0.4112925199210748], [4, 0.4008015605713325], [5, 0.3763621612956527], [6, 0.3719754357671776], [7, 0.3684709803404656], [8, 0.36659208571387364], [9, 0.3610194718082548], [10, 0.3573060531090934], [11, 0.3712293080888689], [12, 0.3707255147312613], [13, 0.36653434538087176], [14, 0.36437637409608364], [15, 0.36100525767909053], [16, 0.36144075476325427], [17, 0.3543086108699069], [18, 0.3535687877403609], [19, 0.36080484909070476], [20, 0.3641850831780722], [21, 0.3592266695438331], [22, 0.35055922834381864], [23, 0.3572787691343694], [24, 0.3592660508253035], [25, 0.35850620171018466], [26, 0.3533172972233545], [27, 0.3559987835928451], [28, 0.3611343087926945], [29, 0.35815110498762154], [30, 0.36174453092678355], [31, 0.35955452287435613], [32, 0.3619904217385626], [33, 0.3572979405212487], [34, 0.3471727938499311], [35, 0.35419928130710454], [36, 0.36025368940600255], [37, 0.35925037936290516], [38, 0.3516254384914558], [39, 0.36220254798051127], [40, 0.3538538865726985], [41, 0.35900687301005746], [42, 0.3562733407527333], [43, 0.35672961256300045], [44, 0.35578331115404566], [45, 0.3579031127379408], [46, 0.35901177019881864], [47, 0.35599154432602687], [48, 0.3596941664210849], [49, 0.3615401735362877], [50, 0.35896641883195723]], "params": {"input": "data/new_sites_edges.csv", "embedding_output": "output/DeepWalkWithRegularization/embeddings/new_sites_embedding.csv", "cluster_mean_output": "output/DeepWalkWithRegularization/cluster_means/new_sites_means.csv", "log_output": "output/DeepWalkWithRegularization/logs/new_sites_log.json", "assignment_output": "output/DeepWalkWithRegularization/assignments/new_sites.json", "dump_matrices": true, "model": "GEMSECWithRegularization", "P": 1, "Q": 1, "walker": "first", "dimensions": 16, "random_walk_length": 80, "num_of_walks": 50, "window_size": 5, "distortion": 0.75, "negative_sample_number": 10, "initial_learning_rate": 0.01, "minimal_learning_rate": 0.001, "annealing_factor": 1, "initial_gamma": 0.1, "final_gamma": 0.5, "lambd": 0.0625, "cluster_number": 20, "overlap_weighting": "normalized_overlap", "regularization_noise": 1e-08}}