{"times": [[1, 16.83272075653076], [2, 16.10648798942566], [3, 16.131975173950195], [4, 16.073091745376587], [5, 16.110766410827637], [6, 16.09908628463745], [7, 16.1793053150177], [8, 16.18987464904785], [9, 16.095162391662598], [10, 16.150737762451172], [11, 16.123049020767212], [12, 16.153107166290283], [13, 16.09484839439392], [14, 16.018009901046753], [15, 15.9402756690979], [16, 16.065598011016846], [17, 16.034114599227905], [18, 16.07583737373352], [19, 16.015695810317993], [20, 16.210832357406616], [21, 16.09083604812622], [22, 16.154444456100464], [23, 16.194766759872437], [24, 16.224937438964844], [25, 16.07585096359253], [26, 16.519283294677734], [27, 17.018073797225952], [28, 17.121134996414185], [29, 17.00500988960266], [30, 17.12741708755493], [31, 17.06987738609314], [32, 17.055327892303467], [33, 17.02927541732788], [34, 16.954575300216675], [35, 16.975824117660522], [36, 17.031630992889404], [37, 17.037042140960693], [38, 16.909594774246216], [39, 17.038195848464966], [40, 16.999314785003662], [41, 17.03661060333252], [42, 17.148834466934204], [43, 17.15824866294861], [44, 17.06560468673706], [45, 17.089006900787354], [46, 17.079236268997192], [47, 17.059911966323853], [48, 17.025512218475342], [49, 17.016332626342773], [50, 17.00357747077942]], "losses": [[1, 1.1996332131220266], [2, 0.8822945411989848], [3, 0.848019402650719], [4, 0.8358232578699027], [5, 0.8206505088498797], [6, 0.8030943488689567], [7, 0.7927953143633736], [8, 0.788103651139348], [9, 0.788488768469908], [10, 0.7824180950722787], [11, 0.7764604213044108], [12, 0.7705514679341934], [13, 0.7632406661198673], [14, 0.7641644947427547], [15, 0.7447401054645526], [16, 0.7417406710053901], [17, 0.7288978764675078], [18, 0.7326754888093393], [19, 0.7272115606330991], [20, 0.7112088388064719], [21, 0.7086652455310424], [22, 0.7289903158878122], [23, 0.7081804568491518], [24, 0.6932012781257424], [25, 0.7008360071254663], [26, 0.6913740532816379], [27, 0.6944382009030236], [28, 0.6761563008577993], [29, 0.6824332215336448], [30, 0.6752002686671988], [31, 0.6778896358021779], [32, 0.6513629264599273], [33, 0.6627805715823418], [34, 0.6517706202206277], [35, 0.6451684113963303], [36, 0.64383362079753], [37, 0.6434067712019128], [38, 0.6367603110391634], [39, 0.6335442238317055], [40, 0.640540144706401], [41, 0.6224396983918229], [42, 0.6207471295715781], [43, 0.6138232807602327], [44, 0.6121053847995982], [45, 0.6081669900453471], [46, 0.6125066980587781], [47, 0.6028891423196622], [48, 0.6140484410543348], [49, 0.5970906269547107], [50, 0.5942478971716619]], "cluster_quality": [[1, 0.8356012281564376], [2, 0.8416030407888887], [3, 0.8368989423632258], [4, 0.8398089105059874], [5, 0.8419898982216567], [6, 0.8423004986739746], [7, 0.8431292565994881], [8, 0.8424551409182878], [9, 0.8431154885124176], [10, 0.8413335349854112], [11, 0.8429806911039427], [12, 0.842999987214794], [13, 0.8432589920127813], [14, 0.8419293707832138], [15, 0.8426443381926164], [16, 0.8313319751879755], [17, 0.837687639631881], [18, 0.8370174882087486], [19, 0.8369104971733742], [20, 0.8370737363962873], [21, 0.8248950526421687], [22, 0.8289689853579562], [23, 0.8420062499965506], [24, 0.8398488189785218], [25, 0.8385979827120227], [26, 0.8354530152690995], [27, 0.8394320317706243], [28, 0.8420339541477283], [29, 0.8418928847351264], [30, 0.8376295411126757], [31, 0.8419329430948626], [32, 0.8386343995593141], [33, 0.8429918858402375], [34, 0.8420051468037724], [35, 0.8413832501583499], [36, 0.8359809616400052], [37, 0.8375482947835232], [38, 0.8404256779654132], [39, 0.8415971145016035], [40, 0.8412653813894988], [41, 0.8415591924652064], [42, 0.841808857165669], [43, 0.8433884936939245], [44, 0.8440989820028202], [45, 0.8434085165567078], [46, 0.8433590954153681], [47, 0.8444186181840152], [48, 0.8441395333823382], [49, 0.8427459938753068], [50, 0.8436643266324542]], "params": {"input": "data/politician_edges.csv", "embedding_output": "output/DeepWalkWithRegularization/embeddings/politician_embedding.csv", "cluster_mean_output": "output/DeepWalkWithRegularization/cluster_means/politician_means.csv", "log_output": "output/DeepWalkWithRegularization/logs/politician_log.json", "assignment_output": "output/DeepWalkWithRegularization/assignments/politician.json", "dump_matrices": true, "model": "GEMSECWithRegularization", "P": 1, "Q": 1, "walker": "first", "dimensions": 16, "random_walk_length": 80, "num_of_walks": 50, "window_size": 5, "distortion": 0.75, "negative_sample_number": 10, "initial_learning_rate": 0.01, "minimal_learning_rate": 0.001, "annealing_factor": 1, "initial_gamma": 0.1, "final_gamma": 0.5, "lambd": 0.0625, "cluster_number": 20, "overlap_weighting": "normalized_overlap", "regularization_noise": 1e-08}}