{"times": [[1, 34.46324324607849], [2, 33.83133578300476], [3, 33.989339113235474], [4, 34.07978868484497], [5, 34.20768213272095], [6, 34.05350637435913], [7, 33.99090814590454], [8, 33.93101692199707], [9, 33.77223539352417], [10, 33.76725149154663], [11, 33.733009338378906], [12, 33.85069680213928], [13, 34.08963131904602], [14, 33.93436813354492], [15, 34.007344484329224], [16, 34.024569034576416], [17, 34.044941902160645], [18, 33.798800230026245], [19, 33.63949513435364], [20, 33.85361838340759], [21, 34.03090214729309], [22, 32.625255823135376], [23, 33.790196895599365], [24, 33.9787015914917], [25, 33.90609169006348], [26, 33.85093808174133], [27, 33.91450381278992], [28, 32.55458426475525], [29, 33.01603603363037], [30, 33.57963705062866], [31, 33.21965670585632], [32, 33.30341982841492], [33, 33.12261772155762], [34, 33.17922520637512], [35, 32.64995527267456], [36, 32.128947496414185], [37, 32.29505944252014], [38, 33.92498445510864], [39, 33.68756175041199], [40, 32.62729620933533], [41, 33.154029846191406], [42, 33.225647926330566], [43, 33.15377402305603], [44, 33.584545612335205], [45, 33.871517181396484], [46, 33.965656042099], [47, 33.87109851837158], [48, 33.89607119560242], [49, 33.79134130477905], [50, 33.88410949707031]], "losses": [[1, 1.7289167098717106], [2, 1.4372879675242018], [3, 1.4102514578217147], [4, 1.3938334319877435], [5, 1.3939594596621154], [6, 1.3937654844965581], [7, 1.397546111457968], [8, 1.393634395276217], [9, 1.3843423838384523], [10, 1.3735191811267504], [11, 1.36818900378884], [12, 1.3540059052478608], [13, 1.3479567414517661], [14, 1.3477663984052737], [15, 1.3374319202924156], [16, 1.332901396040297], [17, 1.3304053614631945], [18, 1.3237212474759503], [19, 1.3197528690922726], [20, 1.315783386160827], [21, 1.3159362290759997], [22, 1.3164584945821294], [23, 1.3088452350683237], [24, 1.309392840299116], [25, 1.3069707618091357], [26, 1.29901992707198], [27, 1.2955355644309825], [28, 1.2909342909826895], [29, 1.286500500894719], [30, 1.2770636697904958], [31, 1.2763897819761019], [32, 1.2750500390234445], [33, 1.2686197235824366], [34, 1.2599746531134064], [35, 1.2604166453756582], [36, 1.2505456535949324], [37, 1.2502476585937936], [38, 1.2477546892069695], [39, 1.2351345427975322], [40, 1.2367217536089588], [41, 1.2338860648053256], [42, 1.224085963091427], [43, 1.2221912114105884], [44, 1.2162833408782339], [45, 1.2109854434756582], [46, 1.198592900986418], [47, 1.1997257875303555], [48, 1.2002976958275524], [49, 1.1929946267114886], [50, 1.189863002790123]], "cluster_quality": [[1, 0.5952900463050129], [2, 0.5888107769850565], [3, 0.5845993248520238], [4, 0.5778344882647045], [5, 0.5685056353564397], [6, 0.5602331225285349], [7, 0.5570665149878851], [8, 0.5492972260876664], [9, 0.5426587520628973], [10, 0.5380000352224291], [11, 0.5332628870245784], [12, 0.5365664432602495], [13, 0.5325037033880407], [14, 0.5287034875237387], [15, 0.5302112421340738], [16, 0.5297568878504526], [17, 0.5214641776062452], [18, 0.5262973404027115], [19, 0.5252659877288213], [20, 0.5225806256193425], [21, 0.5151266565179338], [22, 0.5132734094222403], [23, 0.5220993889575907], [24, 0.5125264348158179], [25, 0.5193084508070493], [26, 0.5085362318079824], [27, 0.5101793804839603], [28, 0.5154383205788423], [29, 0.5096893266703707], [30, 0.5103056614576069], [31, 0.5105152510289772], [32, 0.5173313080198284], [33, 0.5170114130261281], [34, 0.5186645528461113], [35, 0.5183357913032097], [36, 0.5137087084232017], [37, 0.5212387808786147], [38, 0.5172705807884624], [39, 0.5116302921607653], [40, 0.5150890978710195], [41, 0.5165066836444168], [42, 0.519469814010131], [43, 0.5129591483920851], [44, 0.5166160784901822], [45, 0.5231679073195951], [46, 0.5171547433054626], [47, 0.5184330810198307], [48, 0.521857847839566], [49, 0.5120848727842151], [50, 0.5108120517007785]], "params": {"input": "data/public_figure_edges.csv", "embedding_output": "output/DeepWalkWithRegularization/embeddings/public_figure_embedding.csv", "cluster_mean_output": "output/DeepWalkWithRegularization/cluster_means/public_figure_means.csv", "log_output": "output/DeepWalkWithRegularization/logs/public_figure_log.json", "assignment_output": "output/DeepWalkWithRegularization/assignments/public_figure.json", "dump_matrices": true, "model": "GEMSECWithRegularization", "P": 1, "Q": 1, "walker": "first", "dimensions": 16, "random_walk_length": 80, "num_of_walks": 50, "window_size": 5, "distortion": 0.75, "negative_sample_number": 10, "initial_learning_rate": 0.01, "minimal_learning_rate": 0.001, "annealing_factor": 1, "initial_gamma": 0.1, "final_gamma": 0.5, "lambd": 0.0625, "cluster_number": 20, "overlap_weighting": "normalized_overlap", "regularization_noise": 1e-08}}