{"times": [[1, 11.943557977676392], [2, 11.296716928482056], [3, 11.169669389724731], [4, 11.187282800674438], [5, 11.1915602684021], [6, 11.19688892364502], [7, 11.244455099105835], [8, 11.171843767166138], [9, 11.156996965408325], [10, 11.17160153388977], [11, 11.13383412361145], [12, 11.277060985565186], [13, 11.215442419052124], [14, 11.143268585205078], [15, 10.967041254043579], [16, 11.215716123580933], [17, 11.144078731536865], [18, 10.965717554092407], [19, 11.038207769393921], [20, 11.120917558670044], [21, 11.250033855438232], [22, 11.548937797546387], [23, 11.521079540252686], [24, 11.351031303405762], [25, 11.33339786529541], [26, 11.266510725021362], [27, 11.20296859741211], [28, 11.222672700881958], [29, 11.19743824005127], [30, 11.323261976242065], [31, 11.216957569122314], [32, 11.215886354446411], [33, 11.108306407928467], [34, 11.104226112365723], [35, 11.168115377426147], [36, 11.117077350616455], [37, 11.246514320373535], [38, 11.366531372070312], [39, 11.261375904083252], [40, 11.187280893325806], [41, 11.121732711791992], [42, 11.17585825920105], [43, 11.22008204460144], [44, 11.156686544418335], [45, 11.26480484008789], [46, 11.233902215957642], [47, 11.539018154144287], [48, 11.582761287689209], [49, 11.239904642105103], [50, 11.166948318481445]], "losses": [[1, 1.255187171493166], [2, 0.7332590803071352], [3, 0.6582950999699955], [4, 0.6262509234293622], [5, 0.6036545532140096], [6, 0.5916124084420724], [7, 0.5901084075924028], [8, 0.5802939707750239], [9, 0.5643895136274757], [10, 0.5469593314060565], [11, 0.5434140244006865], [12, 0.5294385696732595], [13, 0.5415676949107359], [14, 0.5186016999270273], [15, 0.5290989142881835], [16, 0.5072122892883644], [17, 0.49751955257031877], [18, 0.4975674363185306], [19, 0.4865513273908681], [20, 0.4899615212798287], [21, 0.4823109432633771], [22, 0.478549099274129], [23, 0.4708026168391277], [24, 0.46734966991377375], [25, 0.4724407286171678], [26, 0.4727922720479983], [27, 0.4578532220538273], [28, 0.45502646743556346], [29, 0.449286117715204], [30, 0.4549052687457553], [31, 0.45321580070479633], [32, 0.4408138071451018], [33, 0.44629109048242477], [34, 0.4478406981035745], [35, 0.43643111920746125], [36, 0.43715390682896216], [37, 0.42014264015008035], [38, 0.43253687880804065], [39, 0.4201771066455172], [40, 0.4251560729333436], [41, 0.4165344362215111], [42, 0.41927084901019784], [43, 0.4158638945310726], [44, 0.4159128984284682], [45, 0.4077712457865392], [46, 0.40593202135938183], [47, 0.4067540524500151], [48, 0.4070590742471755], [49, 0.4013317012640132], [50, 0.40052677456237845]], "cluster_quality": [[1, 0.804244754833872], [2, 0.8000422257927035], [3, 0.8169873558949138], [4, 0.8219065451317722], [5, 0.8207146194988356], [6, 0.8243219492061934], [7, 0.8190490862767082], [8, 0.8251679181942865], [9, 0.8265014656652083], [10, 0.8231981346162148], [11, 0.8326764160750803], [12, 0.8249175344762929], [13, 0.8248696498508119], [14, 0.8251985095180814], [15, 0.8277963255401992], [16, 0.8300544119155863], [17, 0.8260165014812368], [18, 0.820545638133974], [19, 0.8314035495345736], [20, 0.8341652190028693], [21, 0.8267381150852884], [22, 0.8292401333307184], [23, 0.8311493383353896], [24, 0.82690087951994], [25, 0.8293836462565165], [26, 0.8227417045478236], [27, 0.8157479550645587], [28, 0.8267059548465817], [29, 0.8032186341423457], [30, 0.8218459581684529], [31, 0.8185774889121847], [32, 0.8231795224192135], [33, 0.8197094937413952], [34, 0.827444474138047], [35, 0.8265963355168199], [36, 0.8125730417985378], [37, 0.8254050290599286], [38, 0.8254689384312952], [39, 0.8262173293018227], [40, 0.8121726563911499], [41, 0.8317577450801816], [42, 0.8309485222606912], [43, 0.8290436951159167], [44, 0.8289116193281243], [45, 0.8183686806003494], [46, 0.8304675298645219], [47, 0.8230507119880173], [48, 0.822487065462755], [49, 0.8311495094897439], [50, 0.8348483128093758]], "params": {"input": "data/tvshow_edges.csv", "embedding_output": "output/DeepWalkWithRegularization/embeddings/tvshow_embedding.csv", "cluster_mean_output": "output/DeepWalkWithRegularization/cluster_means/tvshow_means.csv", "log_output": "output/DeepWalkWithRegularization/logs/tvshow_log.json", "assignment_output": "output/DeepWalkWithRegularization/assignments/tvshow.json", "dump_matrices": true, "model": "GEMSECWithRegularization", "P": 1, "Q": 1, "walker": "first", "dimensions": 16, "random_walk_length": 80, "num_of_walks": 50, "window_size": 5, "distortion": 0.75, "negative_sample_number": 10, "initial_learning_rate": 0.01, "minimal_learning_rate": 0.001, "annealing_factor": 1, "initial_gamma": 0.1, "final_gamma": 0.5, "lambd": 0.0625, "cluster_number": 20, "overlap_weighting": "normalized_overlap", "regularization_noise": 1e-08}}