{"times": [[1, 149.06097745895386], [2, 148.2703342437744], [3, 148.07049107551575], [4, 148.63314080238342], [5, 148.3583242893219], [6, 148.1496343612671], [7, 147.92617893218994], [8, 147.94247245788574], [9, 148.244140625], [10, 148.13203263282776], [11, 148.03680682182312], [12, 148.0071930885315], [13, 148.28806233406067], [14, 147.89116835594177], [15, 147.68315935134888], [16, 148.30437970161438], [17, 147.98318648338318], [18, 148.07117819786072], [19, 147.86131525039673], [20, 148.0366940498352], [21, 147.72148513793945], [22, 147.88825368881226], [23, 147.58389472961426], [24, 147.84699511528015], [25, 147.8307523727417], [26, 147.81357884407043], [27, 147.9984359741211], [28, 148.12286567687988], [29, 147.8727297782898], [30, 147.72924637794495], [31, 147.7820053100586], [32, 147.75433564186096], [33, 147.63020062446594], [34, 147.91190457344055], [35, 147.69380044937134], [36, 147.59363198280334], [37, 147.82788968086243], [38, 147.5362033843994], [39, 147.65129613876343], [40, 147.58845567703247], [41, 147.533216714859], [42, 147.55794167518616], [43, 147.94709587097168], [44, 147.57251596450806], [45, 147.79850363731384], [46, 147.983633518219], [47, 147.45086574554443], [48, 147.71597957611084], [49, 147.62927889823914], [50, 147.97685980796814]], "losses": [[1, 2.297857372262602], [2, 2.4160811186019684], [3, 2.6069446817030117], [4, 2.774647866459391], [5, 2.9308323295213414], [6, 3.0774801692165714], [7, 3.2169633055587554], [8, 3.3523074886845583], [9, 3.4802671586683713], [10, 3.607413598893598], [11, 3.734371874192723], [12, 3.8554783414551896], [13, 3.9715760048454873], [14, 4.0803551586960065], [15, 4.187664295229288], [16, 4.299849432540756], [17, 4.398617481947901], [18, 4.5017940852909435], [19, 4.602883380761798], [20, 4.679285472950628], [21, 4.767334011864641], [22, 4.871383644604531], [23, 4.921617609069546], [24, 5.016930664772239], [25, 5.106945225971354], [26, 5.176984038382347], [27, 5.230588311628931], [28, 5.297224042452905], [29, 5.363660040846157], [30, 5.430512882960995], [31, 5.485977813555919], [32, 5.539672679210209], [33, 5.592482302140613], [34, 5.649099465751251], [35, 5.6733375048957155], [36, 5.7276696757622245], [37, 5.765397582455436], [38, 5.783818576406821], [39, 5.824009985989785], [40, 5.875746748000929], [41, 5.8894920205681744], [42, 5.920290401318658], [43, 5.94006117317469], [44, 5.9698971739517255], [45, 6.005677871679087], [46, 6.041672324145341], [47, 6.002673534374479], [48, 6.021644991852795], [49, 6.0241360975768465], [50, 6.044821440834321]], "cluster_quality": [[1, 0.31174326998421126], [2, 0.2828815976237214], [3, 0.27413335630103275], [4, 0.27380173912571226], [5, 0.2670708309555825], [6, 0.25810546669331813], [7, 0.2569745102668502], [8, 0.254987815478515], [9, 0.24904383808860936], [10, 0.24841071965144723], [11, 0.24817921527232273], [12, 0.24876091322022537], [13, 0.24812867493822913], [14, 0.24552748503791638], [15, 0.24979071649268555], [16, 0.24765398556981136], [17, 0.24379890533948784], [18, 0.2464742625621651], [19, 0.24802224961060768], [20, 0.24794232227032545], [21, 0.24775811934694575], [22, 0.24987805305040733], [23, 0.24798473661726905], [24, 0.24728174966225874], [25, 0.24913354494025153], [26, 0.24917894291808787], [27, 0.2516349110021925], [28, 0.24916655550599578], [29, 0.2496595545390615], [30, 0.25208962630895376], [31, 0.2505188992920846], [32, 0.2521719814616537], [33, 0.25230029532528614], [34, 0.25230037124270077], [35, 0.25304375167225296], [36, 0.2536776777608839], [37, 0.2536141411044601], [38, 0.2522360669273702], [39, 0.252373948494705], [40, 0.25361004527424386], [41, 0.2541238306594558], [42, 0.25353146180724473], [43, 0.253493151238975], [44, 0.2540925303625036], [45, 0.2540419337813977], [46, 0.25369106173941275], [47, 0.25357150652096344], [48, 0.25256221771290277], [49, 0.25404798135083395], [50, 0.2543168555743418]], "params": {"input": "data/artist_edges.csv", "embedding_output": "output/GEMSEC/embeddings/artist_embedding.csv", "cluster_mean_output": "output/GEMSEC/cluster_means/artist_means.csv", "log_output": "output/GEMSEC/logs/artist_log.json", "assignment_output": "output/GEMSEC/assignments/artist.json", "dump_matrices": true, "model": "GEMSECWithRegularization", "P": 1, "Q": 1, "walker": "first", "dimensions": 16, "random_walk_length": 80, "num_of_walks": 50, "window_size": 5, "distortion": 0.75, "negative_sample_number": 10, "initial_learning_rate": 0.01, "minimal_learning_rate": 0.001, "annealing_factor": 1, "initial_gamma": 0.1, "final_gamma": 0.5, "lambd": 0.0625, "cluster_number": 20, "overlap_weighting": "normalized_overlap", "regularization_noise": 1e-08}}