{"times": [[1, 40.670820236206055], [2, 39.73898887634277], [3, 39.78416061401367], [4, 39.77511167526245], [5, 39.8005645275116], [6, 39.84791922569275], [7, 39.60191059112549], [8, 39.70850419998169], [9, 39.858641624450684], [10, 39.72789430618286], [11, 39.853839635849], [12, 39.87537169456482], [13, 40.0381977558136], [14, 39.72291326522827], [15, 39.33789038658142], [16, 39.75200414657593], [17, 39.45787239074707], [18, 39.84558653831482], [19, 39.85785794258118], [20, 40.08800721168518], [21, 39.479230642318726], [22, 39.30185890197754], [23, 39.134557247161865], [24, 39.714988470077515], [25, 39.375837087631226], [26, 39.169687032699585], [27, 40.246033668518066], [28, 39.56463694572449], [29, 39.51222372055054], [30, 39.98065137863159], [31, 39.77708029747009], [32, 40.000330448150635], [33, 39.85659646987915], [34, 39.80325126647949], [35, 39.8385169506073], [36, 39.86585521697998], [37, 39.95227837562561], [38, 39.973710775375366], [39, 39.98857855796814], [40, 39.60214853286743], [41, 39.75045871734619], [42, 39.95788884162903], [43, 39.904069662094116], [44, 39.98629379272461], [45, 40.02555727958679], [46, 39.84178614616394], [47, 39.82120871543884], [48, 39.719773054122925], [49, 39.93526554107666], [50, 39.71292233467102]], "losses": [[1, 1.6813493681778455], [2, 1.4570152518378008], [3, 1.455641266548533], [4, 1.4494884847728493], [5, 1.4276573914853454], [6, 1.4179170163197596], [7, 1.408072044064081], [8, 1.3982003316128475], [9, 1.3823536650693968], [10, 1.3668458387545825], [11, 1.3663859708868982], [12, 1.3556288019428238], [13, 1.3442539301249938], [14, 1.3346205534609312], [15, 1.3319194880176481], [16, 1.3275763437750492], [17, 1.3209053795426315], [18, 1.3147448656722402], [19, 1.3077285382096044], [20, 1.3073973364942124], [21, 1.29582251232162], [22, 1.2909665148704976], [23, 1.2800784194577348], [24, 1.277848547958853], [25, 1.2743036889730508], [26, 1.269585534094148], [27, 1.2719745472501804], [28, 1.2611114486515174], [29, 1.2606402597112452], [30, 1.2541536090845293], [31, 1.2460844241019264], [32, 1.2404244955168084], [33, 1.2396739535745662], [34, 1.2302894605828492], [35, 1.2199015584206763], [36, 1.2182018388998739], [37, 1.211677134914742], [38, 1.210302197499735], [39, 1.2028376464602362], [40, 1.1930569715539447], [41, 1.193304840392035], [42, 1.1965926922668353], [43, 1.1861006911238448], [44, 1.1799093712493078], [45, 1.1784932954828193], [46, 1.1716672391318388], [47, 1.1661052013751827], [48, 1.1601825409351094], [49, 1.1587096821542544], [50, 1.1532838340100724]], "cluster_quality": [[1, 0.6252651143611933], [2, 0.5962890472595243], [3, 0.5686734442103607], [4, 0.538942128004978], [5, 0.5109051587091777], [6, 0.49972799514980415], [7, 0.4891052945963438], [8, 0.47507550477599775], [9, 0.47282941392879513], [10, 0.46308116181497927], [11, 0.46446298792097535], [12, 0.4556802374117668], [13, 0.46477412728649653], [14, 0.48034207078444], [15, 0.4558753312079943], [16, 0.471711502339685], [17, 0.47171877490460634], [18, 0.48332951218533377], [19, 0.46329948211565014], [20, 0.4764392657493433], [21, 0.47801371040934565], [22, 0.47331854466991274], [23, 0.45670232595110316], [24, 0.47535793761462913], [25, 0.490198932799621], [26, 0.46695591843487244], [27, 0.46156804468092527], [28, 0.4743136424782753], [29, 0.46308691137823393], [30, 0.47397414559051126], [31, 0.48207748498992253], [32, 0.43797233984656736], [33, 0.4693826470884616], [34, 0.4575412851381582], [35, 0.48124667425943485], [36, 0.5155687264056324], [37, 0.4901812748611498], [38, 0.5094776182302205], [39, 0.4569182968659567], [40, 0.49799690738247676], [41, 0.4827439874345051], [42, 0.4766670782341185], [43, 0.4930233364744422], [44, 0.4888796880118069], [45, 0.5058468047240258], [46, 0.5062452686839802], [47, 0.4869024638228106], [48, 0.4888791928705776], [49, 0.5247197010735994], [50, 0.5004374056810303]], "params": {"input": "data/athletes_edges.csv", "embedding_output": "output/GEMSEC/embeddings/athletes_embedding.csv", "cluster_mean_output": "output/GEMSEC/cluster_means/athletes_means.csv", "log_output": "output/GEMSEC/logs/athletes_log.json", "assignment_output": "output/GEMSEC/assignments/athletes.json", "dump_matrices": true, "model": "GEMSECWithRegularization", "P": 1, "Q": 1, "walker": "first", "dimensions": 16, "random_walk_length": 80, "num_of_walks": 50, "window_size": 5, "distortion": 0.75, "negative_sample_number": 10, "initial_learning_rate": 0.01, "minimal_learning_rate": 0.001, "annealing_factor": 1, "initial_gamma": 0.1, "final_gamma": 0.5, "lambd": 0.0625, "cluster_number": 20, "overlap_weighting": "normalized_overlap", "regularization_noise": 1e-08}}