{"times": [[1, 41.32828211784363], [2, 40.858073472976685], [3, 39.79229712486267], [4, 40.721728801727295], [5, 40.91446042060852], [6, 40.467125415802], [7, 40.64466309547424], [8, 40.86619234085083], [9, 40.834606885910034], [10, 40.890010833740234], [11, 40.78290772438049], [12, 40.87817358970642], [13, 40.89578080177307], [14, 40.78235101699829], [15, 40.74141883850098], [16, 40.782509326934814], [17, 40.66274952888489], [18, 40.73729133605957], [19, 40.824536085128784], [20, 40.70940041542053], [21, 40.71283459663391], [22, 40.74518442153931], [23, 40.88679313659668], [24, 40.78337812423706], [25, 40.78077006340027], [26, 40.80906367301941], [27, 40.74687051773071], [28, 40.78592538833618], [29, 40.764678716659546], [30, 40.84639859199524], [31, 40.80289673805237], [32, 40.65293908119202], [33, 40.87746834754944], [34, 40.82932925224304], [35, 40.88549518585205], [36, 40.834593534469604], [37, 40.89395713806152], [38, 40.749669790267944], [39, 40.89606690406799], [40, 40.84057378768921], [41, 40.79271483421326], [42, 40.68627643585205], [43, 40.84808945655823], [44, 40.74726605415344], [45, 40.80011248588562], [46, 40.756205797195435], [47, 40.83707523345947], [48, 40.71507740020752], [49, 40.81987810134888], [50, 40.67153549194336]], "losses": [[1, 1.5453181778442586], [2, 1.2040818647618696], [3, 1.1793332818067004], [4, 1.1735005145433868], [5, 1.1598036814480228], [6, 1.1531708365365518], [7, 1.14683232710192], [8, 1.1425044727091676], [9, 1.1411770468917328], [10, 1.1298632703965423], [11, 1.1257674435597982], [12, 1.1317181228651139], [13, 1.1224819869254399], [14, 1.1180502096980163], [15, 1.1211779686986392], [16, 1.1121312612281635], [17, 1.111484660668627], [18, 1.1107166281281056], [19, 1.1084716866262854], [20, 1.1013669832046367], [21, 1.109061905692542], [22, 1.0932859454850645], [23, 1.08714422425467], [24, 1.0806220469676016], [25, 1.0784805959677508], [26, 1.0758623174367732], [27, 1.0670997028099898], [28, 1.0675358250983995], [29, 1.0571971148122354], [30, 1.0548813143895654], [31, 1.047271952169511], [32, 1.0420104113697726], [33, 1.0322313717130431], [34, 1.0300195138316268], [35, 1.0250324766709689], [36, 1.0244944652603578], [37, 1.0168287503612057], [38, 1.0109168402709408], [39, 1.0095340018613006], [40, 1.0023470426306011], [41, 0.9933701144956479], [42, 0.9886759016719587], [43, 0.9806437277711739], [44, 0.9798277921727591], [45, 0.9740335254985457], [46, 0.964610198178234], [47, 0.9633468020174034], [48, 0.9604586802613977], [49, 0.954367169504553], [50, 0.9506508299749887]], "cluster_quality": [[1, 0.5951821709694215], [2, 0.5945515733611816], [3, 0.578948640848615], [4, 0.5651763995658282], [5, 0.5560454724476279], [6, 0.5405559298801049], [7, 0.545377248979027], [8, 0.5188172299082704], [9, 0.5449008433211111], [10, 0.5318709284287118], [11, 0.5389806701742523], [12, 0.5249078119460544], [13, 0.5158418170925713], [14, 0.5160015043473644], [15, 0.5205071800207584], [16, 0.5119812948051228], [17, 0.5212476888347158], [18, 0.508195306307584], [19, 0.4997831245949648], [20, 0.5041507106893776], [21, 0.5087113697399965], [22, 0.49635525000017355], [23, 0.506616580835958], [24, 0.4894531249286227], [25, 0.5084508218855133], [26, 0.4947914782836801], [27, 0.504064971770098], [28, 0.49644504160143205], [29, 0.49464195461953664], [30, 0.49002981121361516], [31, 0.48968619004807196], [32, 0.4876995280294698], [33, 0.49339138547344386], [34, 0.4986753635637084], [35, 0.4925632357443225], [36, 0.489462845773953], [37, 0.48373843987951626], [38, 0.48198514813293597], [39, 0.47632092453847324], [40, 0.4942187171378544], [41, 0.4809597571000142], [42, 0.4912486925491353], [43, 0.4968379273657209], [44, 0.48877620442898073], [45, 0.4889469939383542], [46, 0.49434881281579407], [47, 0.4978734273541909], [48, 0.4954040326040357], [49, 0.4983914572847977], [50, 0.4986616466814877]], "params": {"input": "data/company_edges.csv", "embedding_output": "output/GEMSEC/embeddings/company_embedding.csv", "cluster_mean_output": "output/GEMSEC/cluster_means/company_means.csv", "log_output": "output/GEMSEC/logs/company_log.json", "assignment_output": "output/GEMSEC/assignments/company.json", "dump_matrices": true, "model": "GEMSECWithRegularization", "P": 1, "Q": 1, "walker": "first", "dimensions": 16, "random_walk_length": 80, "num_of_walks": 50, "window_size": 5, "distortion": 0.75, "negative_sample_number": 10, "initial_learning_rate": 0.01, "minimal_learning_rate": 0.001, "annealing_factor": 1, "initial_gamma": 0.1, "final_gamma": 0.5, "lambd": 0.0625, "cluster_number": 20, "overlap_weighting": "normalized_overlap", "regularization_noise": 1e-08}}