{"times": [[1, 20.791520833969116], [2, 20.250922679901123], [3, 20.165422439575195], [4, 20.224180221557617], [5, 20.267123222351074], [6, 20.120758771896362], [7, 20.250498056411743], [8, 20.243281364440918], [9, 20.359913110733032], [10, 20.246673822402954], [11, 20.187604427337646], [12, 20.237185955047607], [13, 20.3411066532135], [14, 20.15211009979248], [15, 20.24268913269043], [16, 20.259029865264893], [17, 20.19624638557434], [18, 20.182968616485596], [19, 20.267281770706177], [20, 20.240532875061035], [21, 20.21165370941162], [22, 20.211756467819214], [23, 20.31106400489807], [24, 20.22727108001709], [25, 20.225505113601685], [26, 20.3474702835083], [27, 20.279417276382446], [28, 20.244255781173706], [29, 20.283045053482056], [30, 20.284189701080322], [31, 20.17313575744629], [32, 20.260799646377563], [33, 20.256223678588867], [34, 20.289127588272095], [35, 20.290788173675537], [36, 20.233563899993896], [37, 20.34869122505188], [38, 20.35212540626526], [39, 20.337804794311523], [40, 20.23105478286743], [41, 20.254613161087036], [42, 20.298197984695435], [43, 20.436482191085815], [44, 20.24607801437378], [45, 20.35091996192932], [46, 20.309000730514526], [47, 20.312405109405518], [48, 20.248786687850952], [49, 20.156255960464478], [50, 20.359817504882812]], "losses": [[1, 1.7150881738885362], [2, 1.439160285093417], [3, 1.3952110168376675], [4, 1.3670080881874622], [5, 1.3476239361689266], [6, 1.3466693802705159], [7, 1.321891735739287], [8, 1.3179461387807863], [9, 1.3058807443601983], [10, 1.2961371887295243], [11, 1.288121002063892], [12, 1.2856418196736406], [13, 1.276161343076757], [14, 1.266903729374781], [15, 1.2632937517972072], [16, 1.2526783917389046], [17, 1.2471311384851853], [18, 1.2462545586186393], [19, 1.245219907729306], [20, 1.2344093905175622], [21, 1.231342088343491], [22, 1.2235058260780944], [23, 1.2334970224834], [24, 1.2136223047197845], [25, 1.2116587593305823], [26, 1.2145378978333579], [27, 1.2097095854652196], [28, 1.2061871415632581], [29, 1.198695285907481], [30, 1.1989687565390528], [31, 1.192672935252054], [32, 1.1955489461268374], [33, 1.1810200369521073], [34, 1.179718086748061], [35, 1.17998729745554], [36, 1.179413434392533], [37, 1.1658364070841505], [38, 1.1748245754550397], [39, 1.1756792617678025], [40, 1.156694366189771], [41, 1.1568648774222763], [42, 1.153400257580849], [43, 1.154818579752515], [44, 1.155367302110893], [45, 1.1425865953641674], [46, 1.1390814358135983], [47, 1.1351739629816469], [48, 1.1267671877246699], [49, 1.1284223957372883], [50, 1.1302435605207255]], "cluster_quality": [[1, 0.6022931353655342], [2, 0.6219792057044485], [3, 0.6361807360023106], [4, 0.6338312691069987], [5, 0.6424811629153807], [6, 0.6506796585653928], [7, 0.6431054324109197], [8, 0.6459618864483034], [9, 0.6262353025480524], [10, 0.6483833253280837], [11, 0.6630399553927503], [12, 0.6359055462646522], [13, 0.6614844396436241], [14, 0.6504246798397217], [15, 0.6492473158644829], [16, 0.6627858291829551], [17, 0.5568061764887625], [18, 0.562837190390223], [19, 0.661254827764004], [20, 0.6236757342899838], [21, 0.6755578206973729], [22, 0.618371485673336], [23, 0.6436354992771501], [24, 0.6354676820769731], [25, 0.6569509059294876], [26, 0.6375957139720639], [27, 0.662465400431702], [28, 0.6468493278569332], [29, 0.6696618034720283], [30, 0.5581659268755633], [31, 0.6418415616303824], [32, 0.6630174783780709], [33, 0.6599911116909796], [34, 0.669140267075591], [35, 0.669990713893976], [36, 0.6690450942127361], [37, 0.6462635648489297], [38, 0.6405680398127915], [39, 0.6358282707366854], [40, 0.6493227373391246], [41, 0.6513853546988866], [42, 0.6642125153123183], [43, 0.657432088658177], [44, 0.646934312830169], [45, 0.6428847514536171], [46, 0.6539251946249101], [47, 0.6550319886056541], [48, 0.6648041595801621], [49, 0.6636241264004616], [50, 0.6574668631081351]], "params": {"input": "data/government_edges.csv", "embedding_output": "output/GEMSEC/embeddings/government_embedding.csv", "cluster_mean_output": "output/GEMSEC/cluster_means/government_means.csv", "log_output": "output/GEMSEC/logs/government_log.json", "assignment_output": "output/GEMSEC/assignments/government.json", "dump_matrices": true, "model": "GEMSECWithRegularization", "P": 1, "Q": 1, "walker": "first", "dimensions": 16, "random_walk_length": 80, "num_of_walks": 50, "window_size": 5, "distortion": 0.75, "negative_sample_number": 10, "initial_learning_rate": 0.01, "minimal_learning_rate": 0.001, "annealing_factor": 1, "initial_gamma": 0.1, "final_gamma": 0.5, "lambd": 0.0625, "cluster_number": 20, "overlap_weighting": "normalized_overlap", "regularization_noise": 1e-08}}