{"times": [[1, 82.59708213806152], [2, 82.42171335220337], [3, 82.24793720245361], [4, 82.24151539802551], [5, 81.97215127944946], [6, 81.98181581497192], [7, 82.25241875648499], [8, 82.25405669212341], [9, 82.2658679485321], [10, 82.17836999893188], [11, 82.17019891738892], [12, 82.1771228313446], [13, 82.07459568977356], [14, 82.16004180908203], [15, 82.04495286941528], [16, 82.08012652397156], [17, 82.17087316513062], [18, 82.19280290603638], [19, 81.95043635368347], [20, 82.3623399734497], [21, 82.41114926338196], [22, 82.41059637069702], [23, 78.97482681274414], [24, 78.81965970993042], [25, 80.3445143699646], [26, 82.46460461616516], [27, 82.16056156158447], [28, 78.96937012672424], [29, 82.92079448699951], [30, 82.56357026100159], [31, 82.30677151679993], [32, 82.29169869422913], [33, 82.35872864723206], [34, 82.26912212371826], [35, 82.46112585067749], [36, 82.90259575843811], [37, 82.4452338218689], [38, 82.67682647705078], [39, 81.59955215454102], [40, 82.25575590133667], [41, 82.16823148727417], [42, 81.99614953994751], [43, 82.07996773719788], [44, 82.19485306739807], [45, 82.4276168346405], [46, 82.30043172836304], [47, 83.12867975234985], [48, 81.81118249893188], [49, 81.7610285282135], [50, 82.17573308944702]], "losses": [[1, 2.008273254131081], [2, 1.8432427395177733], [3, 1.8513443270767513], [4, 1.8532575025407778], [5, 1.8454944523369705], [6, 1.8574538150967121], [7, 1.8627881586624258], [8, 1.8681060807770025], [9, 1.8728889521149603], [10, 1.884852945495812], [11, 1.8975413386968298], [12, 1.904000730158045], [13, 1.9124825972639763], [14, 1.9274550552319827], [15, 1.928885809628026], [16, 1.948509431689541], [17, 1.9566057425590275], [18, 1.9653476667358751], [19, 1.97294813355715], [20, 1.9745604486910957], [21, 1.9830094157791949], [22, 1.9956605268495053], [23, 2.0087239144915534], [24, 2.002761815275579], [25, 2.0129124326009924], [26, 2.014949546525801], [27, 2.0207324130044615], [28, 2.0190075466029485], [29, 2.0229010206694955], [30, 2.028531878009608], [31, 2.0269179175685825], [32, 2.032280340768197], [33, 2.032940333978339], [34, 2.027554842793128], [35, 2.0316915105413553], [36, 2.0296650434875456], [37, 2.032176569065363], [38, 2.0380151516257135], [39, 2.037983191943905], [40, 2.0353157386038556], [41, 2.025974674123993], [42, 2.024002728487824], [43, 2.0094334216215346], [44, 2.019411217434504], [45, 2.017747936544203], [46, 2.009786835372332], [47, 2.008859854729245], [48, 1.9998642752375326], [49, 1.9948117112581478], [50, 1.9939078570641096]], "cluster_quality": [[1, 0.4542637889325421], [2, 0.428734169357136], [3, 0.3911680911462731], [4, 0.377950567091263], [5, 0.3824752329160358], [6, 0.38443116848539094], [7, 0.3796438560660148], [8, 0.3787939209141315], [9, 0.38652220353965394], [10, 0.39097723429726533], [11, 0.38146598137054427], [12, 0.39655050275585946], [13, 0.3987664200607487], [14, 0.37896101208264293], [15, 0.35879812771821656], [16, 0.3842992205461859], [17, 0.3953690819880721], [18, 0.3638242847588158], [19, 0.39290118584589284], [20, 0.3818980219923655], [21, 0.3759851823733924], [22, 0.38776245267477827], [23, 0.3585319982172979], [24, 0.3765376679118945], [25, 0.37715579166968716], [26, 0.39929848575126614], [27, 0.3798437060636656], [28, 0.390142410160091], [29, 0.39619538647650915], [30, 0.3783614570006945], [31, 0.4004509164261964], [32, 0.37271184714232525], [33, 0.40169177198626493], [34, 0.394881742904984], [35, 0.408733928860836], [36, 0.3970254880139092], [37, 0.40439576633738494], [38, 0.3845071539727938], [39, 0.41029540237481155], [40, 0.404989540284945], [41, 0.39413933873788703], [42, 0.40202282164095204], [43, 0.4140251122185604], [44, 0.4002402521951269], [45, 0.4158183721282571], [46, 0.412156429690243], [47, 0.41596424690930245], [48, 0.41388965163826147], [49, 0.41847493868473623], [50, 0.42309093584585467]], "params": {"input": "data/new_sites_edges.csv", "embedding_output": "output/GEMSEC/embeddings/new_sites_embedding.csv", "cluster_mean_output": "output/GEMSEC/cluster_means/new_sites_means.csv", "log_output": "output/GEMSEC/logs/new_sites_log.json", "assignment_output": "output/GEMSEC/assignments/new_sites.json", "dump_matrices": true, "model": "GEMSECWithRegularization", "P": 1, "Q": 1, "walker": "first", "dimensions": 16, "random_walk_length": 80, "num_of_walks": 50, "window_size": 5, "distortion": 0.75, "negative_sample_number": 10, "initial_learning_rate": 0.01, "minimal_learning_rate": 0.001, "annealing_factor": 1, "initial_gamma": 0.1, "final_gamma": 0.5, "lambd": 0.0625, "cluster_number": 20, "overlap_weighting": "normalized_overlap", "regularization_noise": 1e-08}}