{"times": [[1, 17.658557653427124], [2, 17.119641542434692], [3, 17.24038815498352], [4, 17.26442050933838], [5, 17.145099878311157], [6, 17.1777400970459], [7, 17.202350616455078], [8, 17.211785554885864], [9, 17.266072511672974], [10, 17.3123562335968], [11, 16.371166944503784], [12, 16.121418952941895], [13, 15.702717065811157], [14, 15.647475957870483], [15, 16.775971174240112], [16, 17.248160123825073], [17, 17.159993410110474], [18, 17.32382893562317], [19, 17.150379419326782], [20, 17.332801580429077], [21, 17.20526885986328], [22, 17.386419773101807], [23, 17.260769844055176], [24, 17.232979774475098], [25, 17.662449598312378], [26, 17.25156044960022], [27, 17.644070863723755], [28, 17.249866247177124], [29, 17.163805723190308], [30, 17.22866654396057], [31, 17.84595513343811], [32, 17.158112287521362], [33, 17.31979751586914], [34, 17.56575846672058], [35, 17.420839548110962], [36, 17.213130712509155], [37, 17.17518973350525], [38, 17.181260347366333], [39, 17.131762504577637], [40, 17.23529291152954], [41, 17.30173945426941], [42, 17.278981924057007], [43, 17.28169822692871], [44, 17.06854796409607], [45, 16.977318048477173], [46, 16.74732995033264], [47, 16.747586250305176], [48, 16.66991138458252], [49, 17.035463094711304], [50, 17.244668006896973]], "losses": [[1, 1.2016402451105834], [2, 0.8832101768397234], [3, 0.83798978822186], [4, 0.8308431096828984], [5, 0.8233809523573227], [6, 0.7986581539501895], [7, 0.8076465893911984], [8, 0.809443740787069], [9, 0.8105723118383031], [10, 0.7940663070378216], [11, 0.7943495672231461], [12, 0.7885074088117896], [13, 0.7860337454616297], [14, 0.7811609844676519], [15, 0.7719314109736432], [16, 0.7615732178404125], [17, 0.7625216683609312], [18, 0.7638183474312451], [19, 0.763277914072718], [20, 0.7500551264012988], [21, 0.749163834047715], [22, 0.7311032188138197], [23, 0.7336994591351919], [24, 0.7349040220729937], [25, 0.7281903702530508], [26, 0.7214835559742458], [27, 0.7129029190384063], [28, 0.702149169757261], [29, 0.7027454840992915], [30, 0.6977996128972572], [31, 0.6882420363164454], [32, 0.6814811995420693], [33, 0.6882496369853187], [34, 0.6648351758401324], [35, 0.6693840338325174], [36, 0.6577771555767291], [37, 0.6661401784956107], [38, 0.6550126713905521], [39, 0.6482159205694723], [40, 0.6444867587514025], [41, 0.6393484041973136], [42, 0.6344061635566097], [43, 0.6312556656836686], [44, 0.6379510359154458], [45, 0.6242932417999371], [46, 0.6217377963449084], [47, 0.6143511785142257], [48, 0.6152570529359461], [49, 0.6107278409894472], [50, 0.6132374985230874]], "cluster_quality": [[1, 0.8331871735943802], [2, 0.8384381796962876], [3, 0.8381039622468802], [4, 0.8350101057655726], [5, 0.8305139812884069], [6, 0.8352299518141761], [7, 0.8353790918773293], [8, 0.8271472979396771], [9, 0.8294109142775848], [10, 0.8291716167752633], [11, 0.8133245629143752], [12, 0.827320769979102], [13, 0.8311172789994654], [14, 0.7959376560917641], [15, 0.8189501256485751], [16, 0.8240864063057703], [17, 0.8227933963174325], [18, 0.8174358080678437], [19, 0.8140871332931572], [20, 0.8271845319880741], [21, 0.8256601122396371], [22, 0.8207132126265203], [23, 0.8216391063603037], [24, 0.8243527483981521], [25, 0.8260784922144115], [26, 0.8147069450133418], [27, 0.8253216537289767], [28, 0.8211062114146089], [29, 0.8202477804173347], [30, 0.8221549701573118], [31, 0.8237414156419312], [32, 0.8204792507640232], [33, 0.821114621177776], [34, 0.8273507451223888], [35, 0.8263829851939566], [36, 0.8257046752553614], [37, 0.824704736669489], [38, 0.8218607774722332], [39, 0.8233054095639052], [40, 0.8249641934262045], [41, 0.8232411536095267], [42, 0.8277268023495429], [43, 0.8270063861670639], [44, 0.8241254852301695], [45, 0.8293104864065343], [46, 0.8298571468550374], [47, 0.8287427179923044], [48, 0.8304287141345602], [49, 0.8309302174741956], [50, 0.8298818035869134]], "params": {"input": "data/politician_edges.csv", "embedding_output": "output/GEMSEC/embeddings/politician_embedding.csv", "cluster_mean_output": "output/GEMSEC/cluster_means/politician_means.csv", "log_output": "output/GEMSEC/logs/politician_log.json", "assignment_output": "output/GEMSEC/assignments/politician.json", "dump_matrices": true, "model": "GEMSECWithRegularization", "P": 1, "Q": 1, "walker": "first", "dimensions": 16, "random_walk_length": 80, "num_of_walks": 50, "window_size": 5, "distortion": 0.75, "negative_sample_number": 10, "initial_learning_rate": 0.01, "minimal_learning_rate": 0.001, "annealing_factor": 1, "initial_gamma": 0.1, "final_gamma": 0.5, "lambd": 0.0625, "cluster_number": 20, "overlap_weighting": "normalized_overlap", "regularization_noise": 1e-08}}