{"times": [[1, 34.056729316711426], [2, 33.46087718009949], [3, 33.46002793312073], [4, 33.4920768737793], [5, 33.5705680847168], [6, 33.37893581390381], [7, 33.54615044593811], [8, 33.51145887374878], [9, 33.76520228385925], [10, 33.57708239555359], [11, 33.51368832588196], [12, 33.61346697807312], [13, 33.53670930862427], [14, 33.54261040687561], [15, 33.47401261329651], [16, 33.62344980239868], [17, 33.6378378868103], [18, 33.55674147605896], [19, 33.7104275226593], [20, 33.62215328216553], [21, 33.50854134559631], [22, 33.64309525489807], [23, 33.38189339637756], [24, 32.75134253501892], [25, 33.25662612915039], [26, 33.26336407661438], [27, 32.91511130332947], [28, 33.46581792831421], [29, 33.4753475189209], [30, 33.50873303413391], [31, 33.653026819229126], [32, 33.53836488723755], [33, 33.4284782409668], [34, 33.34133005142212], [35, 33.741026401519775], [36, 33.5023512840271], [37, 33.578397035598755], [38, 33.51656532287598], [39, 33.553773164749146], [40, 33.50626039505005], [41, 33.7449905872345], [42, 33.68339490890503], [43, 33.05447292327881], [44, 32.909747838974], [45, 32.93637275695801], [46, 33.512548208236694], [47, 33.32113242149353], [48, 33.49915432929993], [49, 33.56424283981323], [50, 33.667330265045166]], "losses": [[1, 1.7252576198333844], [2, 1.428378807165782], [3, 1.4059434006199196], [4, 1.3964983249597744], [5, 1.3909727151404585], [6, 1.3745050058744839], [7, 1.3659206392210488], [8, 1.351279224516881], [9, 1.3356716667992492], [10, 1.3248957233824774], [11, 1.318106076030493], [12, 1.3129071899196492], [13, 1.314818879697831], [14, 1.3038522170172901], [15, 1.3031959862341573], [16, 1.302331979257742], [17, 1.2995119315967885], [18, 1.2857410724273606], [19, 1.2927267354669454], [20, 1.2834909198083342], [21, 1.2833971837288276], [22, 1.2818303801848925], [23, 1.2719525896457304], [24, 1.2677700294124528], [25, 1.2656528258610031], [26, 1.2613700214330505], [27, 1.2584899918493118], [28, 1.2491685179118155], [29, 1.2453057767252385], [30, 1.231852139877232], [31, 1.2356621564347805], [32, 1.2272383328710819], [33, 1.226295248831518], [34, 1.219975827230238], [35, 1.2196585271375433], [36, 1.2171647422342617], [37, 1.2136901220988838], [38, 1.197571330379664], [39, 1.1983741768116798], [40, 1.199131404246911], [41, 1.193489577943903], [42, 1.1922424621169785], [43, 1.1771738154759692], [44, 1.1829855893452286], [45, 1.1780060084346622], [46, 1.1719448790261002], [47, 1.1755044475578695], [48, 1.1606314931678479], [49, 1.1561099559527697], [50, 1.1591260854238576]], "cluster_quality": [[1, 0.5831710993305901], [2, 0.5750712064213208], [3, 0.5766053946153147], [4, 0.5691527511393277], [5, 0.5580554816159047], [6, 0.5433992935785419], [7, 0.5387096989457913], [8, 0.5304213916162319], [9, 0.5322744664316827], [10, 0.5293517338957174], [11, 0.526501465293636], [12, 0.5196776864403485], [13, 0.5206953010969726], [14, 0.5155094538920655], [15, 0.5117903005440283], [16, 0.5107512705208315], [17, 0.5114206181143532], [18, 0.5130338541892261], [19, 0.506664577145618], [20, 0.5113332984507284], [21, 0.5043132958425299], [22, 0.506625985372276], [23, 0.5071021594148174], [24, 0.5088654958719261], [25, 0.5021414025628829], [26, 0.5001108212640093], [27, 0.5036398737990745], [28, 0.5024430856922751], [29, 0.5076662528826781], [30, 0.5044734362111076], [31, 0.504417329131783], [32, 0.5018166510868345], [33, 0.5016892280905504], [34, 0.5051059937584874], [35, 0.5046975562666582], [36, 0.5036926148643595], [37, 0.5021653710516047], [38, 0.5010643384570256], [39, 0.5023740722474727], [40, 0.49893499495608307], [41, 0.4966141276650891], [42, 0.5006316839355838], [43, 0.5007249787930792], [44, 0.5017867810007632], [45, 0.4988421385695652], [46, 0.5007938994374418], [47, 0.5036086326864093], [48, 0.5010772455995406], [49, 0.501192267637527], [50, 0.5048213317394343]], "params": {"input": "data/public_figure_edges.csv", "embedding_output": "output/GEMSEC/embeddings/public_figure_embedding.csv", "cluster_mean_output": "output/GEMSEC/cluster_means/public_figure_means.csv", "log_output": "output/GEMSEC/logs/public_figure_log.json", "assignment_output": "output/GEMSEC/assignments/public_figure.json", "dump_matrices": true, "model": "GEMSECWithRegularization", "P": 1, "Q": 1, "walker": "first", "dimensions": 16, "random_walk_length": 80, "num_of_walks": 50, "window_size": 5, "distortion": 0.75, "negative_sample_number": 10, "initial_learning_rate": 0.01, "minimal_learning_rate": 0.001, "annealing_factor": 1, "initial_gamma": 0.1, "final_gamma": 0.5, "lambd": 0.0625, "cluster_number": 20, "overlap_weighting": "normalized_overlap", "regularization_noise": 1e-08}}