{"times": [[1, 11.957305669784546], [2, 11.42301893234253], [3, 11.374156475067139], [4, 11.390069961547852], [5, 11.400122165679932], [6, 11.389033794403076], [7, 11.367934942245483], [8, 11.348653316497803], [9, 11.352778434753418], [10, 11.408976316452026], [11, 11.414146423339844], [12, 11.412430763244629], [13, 11.361692428588867], [14, 11.356053590774536], [15, 11.396738529205322], [16, 11.366124153137207], [17, 11.372498750686646], [18, 11.37469220161438], [19, 11.39834976196289], [20, 11.34609842300415], [21, 11.423835754394531], [22, 11.414366722106934], [23, 11.409537315368652], [24, 11.472891330718994], [25, 11.403594255447388], [26, 11.361768960952759], [27, 11.517541646957397], [28, 11.399845361709595], [29, 11.414563417434692], [30, 11.46013855934143], [31, 11.398274898529053], [32, 11.20957636833191], [33, 11.385327100753784], [34, 11.464510917663574], [35, 11.466210126876831], [36, 11.471367359161377], [37, 11.459956645965576], [38, 11.429962635040283], [39, 11.389688491821289], [40, 11.351158857345581], [41, 11.368687868118286], [42, 11.350609302520752], [43, 11.470375776290894], [44, 11.397952318191528], [45, 11.328190803527832], [46, 11.323503494262695], [47, 11.343364715576172], [48, 11.403784990310669], [49, 11.372713088989258], [50, 11.42775559425354]], "losses": [[1, 1.2365902034414573], [2, 0.7302269878694816], [3, 0.6617357661222076], [4, 0.6339310543240265], [5, 0.5962445155161319], [6, 0.5926458910672341], [7, 0.5708999405016802], [8, 0.5646112245935392], [9, 0.5661451412720906], [10, 0.5561424523854259], [11, 0.5348799572817269], [12, 0.5415279773338665], [13, 0.5278278081988933], [14, 0.5229565730928142], [15, 0.5141120125821487], [16, 0.5126866255661918], [17, 0.5034589262972112], [18, 0.5016668657820101], [19, 0.4856548164286799], [20, 0.49323573842968216], [21, 0.48215923663267035], [22, 0.46961830066706517], [23, 0.4773353157418551], [24, 0.46476616260891385], [25, 0.4741850149648346], [26, 0.46275570345511285], [27, 0.4624108134918221], [28, 0.45978616713522286], [29, 0.45321835566719826], [30, 0.43987580547530397], [31, 0.4425254198985762], [32, 0.4418412789708158], [33, 0.443441792742042], [34, 0.4380494553633111], [35, 0.43159999871695415], [36, 0.4299485312113376], [37, 0.4245920137350064], [38, 0.41534688978174555], [39, 0.41796091886118575], [40, 0.4185644226260713], [41, 0.42259057114110876], [42, 0.4113612341448542], [43, 0.40540796007761465], [44, 0.409516666071008], [45, 0.40545398995537746], [46, 0.40465768772863686], [47, 0.40938798027732964], [48, 0.4116545420509494], [49, 0.4013860202547572], [50, 0.4054790922965355]], "cluster_quality": [[1, 0.8052145892347187], [2, 0.8107655998031846], [3, 0.8122582839076475], [4, 0.8170553461230338], [5, 0.8229854837213347], [6, 0.8241597804558132], [7, 0.8268438448484575], [8, 0.8158963005838807], [9, 0.8239378435982383], [10, 0.8098925263417623], [11, 0.8148961634724635], [12, 0.8184794459930893], [13, 0.8197462197741916], [14, 0.8066300844035278], [15, 0.7900708872336989], [16, 0.7688088114046951], [17, 0.8064604603708468], [18, 0.7791762330204645], [19, 0.7898689972493281], [20, 0.800376124445512], [21, 0.7729965708319074], [22, 0.8074654619574816], [23, 0.7656676440721307], [24, 0.7933105488630178], [25, 0.8081167864955215], [26, 0.8018222444977935], [27, 0.7935684717625049], [28, 0.7933593093960746], [29, 0.8070901624088362], [30, 0.7862329438142137], [31, 0.8156024369480447], [32, 0.7900667845631553], [33, 0.7970508923511468], [34, 0.7840806962709466], [35, 0.7873309828940822], [36, 0.8002512287506669], [37, 0.7853969185584894], [38, 0.7827131226432631], [39, 0.8038283530705179], [40, 0.786581648996624], [41, 0.7146104897402631], [42, 0.8029215118618492], [43, 0.811278119838144], [44, 0.8007542362951104], [45, 0.8025983355259211], [46, 0.7926974588652659], [47, 0.8051471242155476], [48, 0.805424469778242], [49, 0.788732555830785], [50, 0.8119937145140811]], "params": {"input": "data/tvshow_edges.csv", "embedding_output": "output/GEMSEC/embeddings/tvshow_embedding.csv", "cluster_mean_output": "output/GEMSEC/cluster_means/tvshow_means.csv", "log_output": "output/GEMSEC/logs/tvshow_log.json", "assignment_output": "output/GEMSEC/assignments/tvshow.json", "dump_matrices": true, "model": "GEMSECWithRegularization", "P": 1, "Q": 1, "walker": "first", "dimensions": 16, "random_walk_length": 80, "num_of_walks": 50, "window_size": 5, "distortion": 0.75, "negative_sample_number": 10, "initial_learning_rate": 0.01, "minimal_learning_rate": 0.001, "annealing_factor": 1, "initial_gamma": 0.1, "final_gamma": 0.5, "lambd": 0.0625, "cluster_number": 20, "overlap_weighting": "normalized_overlap", "regularization_noise": 1e-08}}